Provincias de destino;Procedencia de los viajeros;Meses;Total
Albacete;Total;Total;2,57
Albacete;Total;Enero;2,15
Albacete;Total;Febrero;2,16
Albacete;Total;Marzo;2,53
Albacete;Total;Abril;2,2
Albacete;Total;Mayo;2,24
Albacete;Total;Junio;2,22
Albacete;Total;Julio;3,04
Albacete;Total;Agosto;3,49
Albacete;Total;Septiembre;2,32
Albacete;Total;Octubre;2,22
Albacete;Total;Noviembre;2,18
Albacete;Total;Diciembre;2,67
Albacete;Residentes en España;Total;2,57
Albacete;Residentes en España;Enero;2,14
Albacete;Residentes en España;Febrero;2,16
Albacete;Residentes en España;Marzo;2,53
Albacete;Residentes en España;Abril;2,2
Albacete;Residentes en España;Mayo;2,26
Albacete;Residentes en España;Junio;2,23
Albacete;Residentes en España;Julio;3,05
Albacete;Residentes en España;Agosto;3,5
Albacete;Residentes en España;Septiembre;2,32
Albacete;Residentes en España;Octubre;2,23
Albacete;Residentes en España;Noviembre;2,19
Albacete;Residentes en España;Diciembre;2,67
Albacete;No Residentes en España;Total;2,05
Albacete;No Residentes en España;Enero;2,76
Albacete;No Residentes en España;Febrero;1,95
Albacete;No Residentes en España;Marzo;3,2
Albacete;No Residentes en España;Abril;3,31
Albacete;No Residentes en España;Mayo;1,46
Albacete;No Residentes en España;Junio;1,17
Albacete;No Residentes en España;Julio;2,64
Albacete;No Residentes en España;Agosto;1,41
Albacete;No Residentes en España;Septiembre;1,67
Albacete;No Residentes en España;Octubre;1,37
Albacete;No Residentes en España;Noviembre;1,58
Albacete;No Residentes en España;Diciembre;3,14
Alicante;Total;Total;2,29
Alicante;Total;Enero;1,66
Alicante;Total;Febrero;1,95
Alicante;Total;Marzo;2,31
Alicante;Total;Abril;2,51
Alicante;Total;Mayo;2,25
Alicante;Total;Junio;2,11
Alicante;Total;Julio;2,64
Alicante;Total;Agosto;2,82
Alicante;Total;Septiembre;2,18
Alicante;Total;Octubre;2,16
Alicante;Total;Noviembre;2,05
Alicante;Total;Diciembre;2,23
Alicante;Residentes en España;Total;2,15
Alicante;Residentes en España;Enero;1,56
Alicante;Residentes en España;Febrero;1,95
Alicante;Residentes en España;Marzo;2,27
Alicante;Residentes en España;Abril;2,25
Alicante;Residentes en España;Mayo;2
Alicante;Residentes en España;Junio;2,01
Alicante;Residentes en España;Julio;2,61
Alicante;Residentes en España;Agosto;2,72
Alicante;Residentes en España;Septiembre;1,99
Alicante;Residentes en España;Octubre;1,73
Alicante;Residentes en España;Noviembre;1,88
Alicante;Residentes en España;Diciembre;2,11
Alicante;No Residentes en España;Total;2,79
Alicante;No Residentes en España;Enero;2,1
Alicante;No Residentes en España;Febrero;1,97
Alicante;No Residentes en España;Marzo;2,46
Alicante;No Residentes en España;Abril;3,26
Alicante;No Residentes en España;Mayo;3,15
Alicante;No Residentes en España;Junio;2,45
Alicante;No Residentes en España;Julio;2,75
Alicante;No Residentes en España;Agosto;3,2
Alicante;No Residentes en España;Septiembre;2,68
Alicante;No Residentes en España;Octubre;3,14
Alicante;No Residentes en España;Noviembre;2,62
Alicante;No Residentes en España;Diciembre;3,4
Almería;Total;Total;2,68
Almería;Total;Enero;2,15
Almería;Total;Febrero;2,2
Almería;Total;Marzo;2,26
Almería;Total;Abril;2,39
Almería;Total;Mayo;2,05
Almería;Total;Junio;2,59
Almería;Total;Julio;3,11
Almería;Total;Agosto;3,47
Almería;Total;Septiembre;2,98
Almería;Total;Octubre;2,54
Almería;Total;Noviembre;2,12
Almería;Total;Diciembre;2,24
Almería;Residentes en España;Total;2,5
Almería;Residentes en España;Enero;2,09
Almería;Residentes en España;Febrero;1,8
Almería;Residentes en España;Marzo;2,22
Almería;Residentes en España;Abril;1,97
Almería;Residentes en España;Mayo;1,78
Almería;Residentes en España;Junio;2,37
Almería;Residentes en España;Julio;3
Almería;Residentes en España;Agosto;3,24
Almería;Residentes en España;Septiembre;2,92
Almería;Residentes en España;Octubre;2,23
Almería;Residentes en España;Noviembre;1,98
Almería;Residentes en España;Diciembre;2,12
Almería;No Residentes en España;Total;3,07
Almería;No Residentes en España;Enero;2,31
Almería;No Residentes en España;Febrero;3,28
Almería;No Residentes en España;Marzo;2,34
Almería;No Residentes en España;Abril;2,89
Almería;No Residentes en España;Mayo;2,49
Almería;No Residentes en España;Junio;3,19
Almería;No Residentes en España;Julio;3,43
Almería;No Residentes en España;Agosto;4,2
Almería;No Residentes en España;Septiembre;3,07
Almería;No Residentes en España;Octubre;2,88
Almería;No Residentes en España;Noviembre;2,52
Almería;No Residentes en España;Diciembre;3,07
Araba;Total;Total;2,28
Araba;Total;Enero;1,96
Araba;Total;Febrero;1,98
Araba;Total;Marzo;2,28
Araba;Total;Abril;1,98
Araba;Total;Mayo;1,94
Araba;Total;Junio;2,15
Araba;Total;Julio;2,57
Araba;Total;Agosto;3,09
Araba;Total;Septiembre;2,09
Araba;Total;Octubre;2,01
Araba;Total;Noviembre;2,16
Araba;Total;Diciembre;2,38
Araba;Residentes en España;Total;2,32
Araba;Residentes en España;Enero;2,07
Araba;Residentes en España;Febrero;1,89
Araba;Residentes en España;Marzo;2,37
Araba;Residentes en España;Abril;2,01
Araba;Residentes en España;Mayo;1,96
Araba;Residentes en España;Junio;2,21
Araba;Residentes en España;Julio;2,7
Araba;Residentes en España;Agosto;3,43
Araba;Residentes en España;Septiembre;2,05
Araba;Residentes en España;Octubre;2,07
Araba;Residentes en España;Noviembre;2,09
Araba;Residentes en España;Diciembre;2,4
Araba;No Residentes en España;Total;2,14
Araba;No Residentes en España;Enero;1,42
Araba;No Residentes en España;Febrero;2,33
Araba;No Residentes en España;Marzo;1,75
Araba;No Residentes en España;Abril;1,87
Araba;No Residentes en España;Mayo;1,88
Araba;No Residentes en España;Junio;1,99
Araba;No Residentes en España;Julio;2,36
Araba;No Residentes en España;Agosto;2,47
Araba;No Residentes en España;Septiembre;2,17
Araba;No Residentes en España;Octubre;1,82
Araba;No Residentes en España;Noviembre;2,61
Araba;No Residentes en España;Diciembre;2,24
Asturias;Total;Total;3,06
Asturias;Total;Enero;2,06
Asturias;Total;Febrero;2,14
Asturias;Total;Marzo;2,59
Asturias;Total;Abril;1,98
Asturias;Total;Mayo;2,37
Asturias;Total;Junio;2,35
Asturias;Total;Julio;3,55
Asturias;Total;Agosto;4,28
Asturias;Total;Septiembre;3,1
Asturias;Total;Octubre;2,34
Asturias;Total;Noviembre;2,31
Asturias;Total;Diciembre;3,24
Asturias;Residentes en España;Total;3,1
Asturias;Residentes en España;Enero;2,01
Asturias;Residentes en España;Febrero;2,16
Asturias;Residentes en España;Marzo;2,52
Asturias;Residentes en España;Abril;2,07
Asturias;Residentes en España;Mayo;2,35
Asturias;Residentes en España;Junio;2,36
Asturias;Residentes en España;Julio;3,63
Asturias;Residentes en España;Agosto;4,3
Asturias;Residentes en España;Septiembre;3,24
Asturias;Residentes en España;Octubre;2,3
Asturias;Residentes en España;Noviembre;2,11
Asturias;Residentes en España;Diciembre;2,99
Asturias;No Residentes en España;Total;2,84
Asturias;No Residentes en España;Enero;2,6
Asturias;No Residentes en España;Febrero;1,98
Asturias;No Residentes en España;Marzo;3,07
Asturias;No Residentes en España;Abril;1,72
Asturias;No Residentes en España;Mayo;2,44
Asturias;No Residentes en España;Junio;2,32
Asturias;No Residentes en España;Julio;3,08
Asturias;No Residentes en España;Agosto;4,09
Asturias;No Residentes en España;Septiembre;2,63
Asturias;No Residentes en España;Octubre;2,53
Asturias;No Residentes en España;Noviembre;3,55
Asturias;No Residentes en España;Diciembre;6,96
Ávila;Total;Total;2,52
Ávila;Total;Enero;2,27
Ávila;Total;Febrero;2,45
Ávila;Total;Marzo;2,7
Ávila;Total;Abril;2,09
Ávila;Total;Mayo;2,02
Ávila;Total;Junio;2,04
Ávila;Total;Julio;3,07
Ávila;Total;Agosto;3,42
Ávila;Total;Septiembre;2,26
Ávila;Total;Octubre;2,28
Ávila;Total;Noviembre;2,26
Ávila;Total;Diciembre;2,6
Ávila;Residentes en España;Total;2,47
Ávila;Residentes en España;Enero;2,2
Ávila;Residentes en España;Febrero;2,02
Ávila;Residentes en España;Marzo;2,61
Ávila;Residentes en España;Abril;2,07
Ávila;Residentes en España;Mayo;2
Ávila;Residentes en España;Junio;2,04
Ávila;Residentes en España;Julio;3,05
Ávila;Residentes en España;Agosto;3,4
Ávila;Residentes en España;Septiembre;2,27
Ávila;Residentes en España;Octubre;2,22
Ávila;Residentes en España;Noviembre;2,26
Ávila;Residentes en España;Diciembre;2,6
Ávila;No Residentes en España;Total;4,27
Ávila;No Residentes en España;Enero;6,79
Ávila;No Residentes en España;Febrero;7,37
Ávila;No Residentes en España;Marzo;4,86
Ávila;No Residentes en España;Abril;2,95
Ávila;No Residentes en España;Mayo;2,43
Ávila;No Residentes en España;Junio;2,31
Ávila;No Residentes en España;Julio;3,6
Ávila;No Residentes en España;Agosto;4,35
Ávila;No Residentes en España;Septiembre;1,85
Ávila;No Residentes en España;Octubre;5,02
Ávila;No Residentes en España;Noviembre;2,94
Ávila;No Residentes en España;Diciembre;2,67
Badajoz;Total;Total;2,08
Badajoz;Total;Enero;2,34
Badajoz;Total;Febrero;2,06
Badajoz;Total;Marzo;2,22
Badajoz;Total;Abril;1,95
Badajoz;Total;Mayo;2,04
Badajoz;Total;Junio;1,89
Badajoz;Total;Julio;2,16
Badajoz;Total;Agosto;2,38
Badajoz;Total;Septiembre;1,92
Badajoz;Total;Octubre;1,9
Badajoz;Total;Noviembre;1,93
Badajoz;Total;Diciembre;2,12
Badajoz;Residentes en España;Total;2,07
Badajoz;Residentes en España;Enero;2,44
Badajoz;Residentes en España;Febrero;2,12
Badajoz;Residentes en España;Marzo;2,28
Badajoz;Residentes en España;Abril;1,88
Badajoz;Residentes en España;Mayo;1,97
Badajoz;Residentes en España;Junio;1,94
Badajoz;Residentes en España;Julio;2,15
Badajoz;Residentes en España;Agosto;2,39
Badajoz;Residentes en España;Septiembre;1,9
Badajoz;Residentes en España;Octubre;1,75
Badajoz;Residentes en España;Noviembre;1,89
Badajoz;Residentes en España;Diciembre;2,13
Badajoz;No Residentes en España;Total;2,11
Badajoz;No Residentes en España;Enero;1,61
Badajoz;No Residentes en España;Febrero;1,66
Badajoz;No Residentes en España;Marzo;1,84
Badajoz;No Residentes en España;Abril;2,16
Badajoz;No Residentes en España;Mayo;2,33
Badajoz;No Residentes en España;Junio;1,61
Badajoz;No Residentes en España;Julio;2,21
Badajoz;No Residentes en España;Agosto;2,32
Badajoz;No Residentes en España;Septiembre;2
Badajoz;No Residentes en España;Octubre;2,43
Badajoz;No Residentes en España;Noviembre;2,16
Badajoz;No Residentes en España;Diciembre;2,04
Balears, Illes;Total;Total;3,1
Balears, Illes;Total;Enero;2,34
Balears, Illes;Total;Febrero;2,58
Balears, Illes;Total;Marzo;2,88
Balears, Illes;Total;Abril;2,99
Balears, Illes;Total;Mayo;3,19
Balears, Illes;Total;Junio;3,38
Balears, Illes;Total;Julio;3,18
Balears, Illes;Total;Agosto;3,38
Balears, Illes;Total;Septiembre;3,18
Balears, Illes;Total;Octubre;2,89
Balears, Illes;Total;Noviembre;2,51
Balears, Illes;Total;Diciembre;2,38
Balears, Illes;Residentes en España;Total;2,28
Balears, Illes;Residentes en España;Enero;1,7
Balears, Illes;Residentes en España;Febrero;1,84
Balears, Illes;Residentes en España;Marzo;1,96
Balears, Illes;Residentes en España;Abril;2,1
Balears, Illes;Residentes en España;Mayo;2,22
Balears, Illes;Residentes en España;Junio;2,52
Balears, Illes;Residentes en España;Julio;2,62
Balears, Illes;Residentes en España;Agosto;2,86
Balears, Illes;Residentes en España;Septiembre;2,3
Balears, Illes;Residentes en España;Octubre;2,45
Balears, Illes;Residentes en España;Noviembre;1,72
Balears, Illes;Residentes en España;Diciembre;1,9
Balears, Illes;No Residentes en España;Total;3,27
Balears, Illes;No Residentes en España;Enero;3,03
Balears, Illes;No Residentes en España;Febrero;3,16
Balears, Illes;No Residentes en España;Marzo;3,15
Balears, Illes;No Residentes en España;Abril;3,1
Balears, Illes;No Residentes en España;Mayo;3,33
Balears, Illes;No Residentes en España;Junio;3,53
Balears, Illes;No Residentes en España;Julio;3,27
Balears, Illes;No Residentes en España;Agosto;3,47
Balears, Illes;No Residentes en España;Septiembre;3,32
Balears, Illes;No Residentes en España;Octubre;2,94
Balears, Illes;No Residentes en España;Noviembre;3,07
Balears, Illes;No Residentes en España;Diciembre;2,76
Barcelona;Total;Total;2,47
Barcelona;Total;Enero;1,98
Barcelona;Total;Febrero;1,99
Barcelona;Total;Marzo;2,22
Barcelona;Total;Abril;1,96
Barcelona;Total;Mayo;2,04
Barcelona;Total;Junio;2,23
Barcelona;Total;Julio;3,43
Barcelona;Total;Agosto;4,27
Barcelona;Total;Septiembre;2,14
Barcelona;Total;Octubre;1,97
Barcelona;Total;Noviembre;1,96
Barcelona;Total;Diciembre;2,7
Barcelona;Residentes en España;Total;2,27
Barcelona;Residentes en España;Enero;1,86
Barcelona;Residentes en España;Febrero;1,79
Barcelona;Residentes en España;Marzo;2,13
Barcelona;Residentes en España;Abril;1,85
Barcelona;Residentes en España;Mayo;1,93
Barcelona;Residentes en España;Junio;2,11
Barcelona;Residentes en España;Julio;2,82
Barcelona;Residentes en España;Agosto;4,15
Barcelona;Residentes en España;Septiembre;2,04
Barcelona;Residentes en España;Octubre;1,86
Barcelona;Residentes en España;Noviembre;1,94
Barcelona;Residentes en España;Diciembre;2,59
Barcelona;No Residentes en España;Total;3,44
Barcelona;No Residentes en España;Enero;5,11
Barcelona;No Residentes en España;Febrero;5,5
Barcelona;No Residentes en España;Marzo;3,99
Barcelona;No Residentes en España;Abril;2,38
Barcelona;No Residentes en España;Mayo;2,45
Barcelona;No Residentes en España;Junio;2,87
Barcelona;No Residentes en España;Julio;4,82
Barcelona;No Residentes en España;Agosto;4,52
Barcelona;No Residentes en España;Septiembre;2,54
Barcelona;No Residentes en España;Octubre;2,57
Barcelona;No Residentes en España;Noviembre;2,09
Barcelona;No Residentes en España;Diciembre;4,12
Bizkaia;Total;Total;2,23
Bizkaia;Total;Enero;2,25
Bizkaia;Total;Febrero;1,96
Bizkaia;Total;Marzo;2,06
Bizkaia;Total;Abril;2,03
Bizkaia;Total;Mayo;1,78
Bizkaia;Total;Junio;2,1
Bizkaia;Total;Julio;2,47
Bizkaia;Total;Agosto;2,99
Bizkaia;Total;Septiembre;1,98
Bizkaia;Total;Octubre;1,91
Bizkaia;Total;Noviembre;2,17
Bizkaia;Total;Diciembre;2,3
Bizkaia;Residentes en España;Total;2,33
Bizkaia;Residentes en España;Enero;2,32
Bizkaia;Residentes en España;Febrero;2,06
Bizkaia;Residentes en España;Marzo;2,13
Bizkaia;Residentes en España;Abril;2,12
Bizkaia;Residentes en España;Mayo;1,95
Bizkaia;Residentes en España;Junio;2,28
Bizkaia;Residentes en España;Julio;2,57
Bizkaia;Residentes en España;Agosto;3,17
Bizkaia;Residentes en España;Septiembre;2,13
Bizkaia;Residentes en España;Octubre;1,98
Bizkaia;Residentes en España;Noviembre;2,16
Bizkaia;Residentes en España;Diciembre;2,25
Bizkaia;No Residentes en España;Total;1,98
Bizkaia;No Residentes en España;Enero;1,53
Bizkaia;No Residentes en España;Febrero;1,38
Bizkaia;No Residentes en España;Marzo;1,62
Bizkaia;No Residentes en España;Abril;1,79
Bizkaia;No Residentes en España;Mayo;1,56
Bizkaia;No Residentes en España;Junio;1,83
Bizkaia;No Residentes en España;Julio;2,3
Bizkaia;No Residentes en España;Agosto;2,62
Bizkaia;No Residentes en España;Septiembre;1,69
Bizkaia;No Residentes en España;Octubre;1,76
Bizkaia;No Residentes en España;Noviembre;2,21
Bizkaia;No Residentes en España;Diciembre;2,61
Burgos;Total;Total;2,15
Burgos;Total;Enero;2,03
Burgos;Total;Febrero;2,16
Burgos;Total;Marzo;2,56
Burgos;Total;Abril;1,94
Burgos;Total;Mayo;1,76
Burgos;Total;Junio;1,85
Burgos;Total;Julio;2,25
Burgos;Total;Agosto;2,81
Burgos;Total;Septiembre;1,83
Burgos;Total;Octubre;2,05
Burgos;Total;Noviembre;1,93
Burgos;Total;Diciembre;2,41
Burgos;Residentes en España;Total;2,2
Burgos;Residentes en España;Enero;2,02
Burgos;Residentes en España;Febrero;2,17
Burgos;Residentes en España;Marzo;2,59
Burgos;Residentes en España;Abril;1,93
Burgos;Residentes en España;Mayo;1,84
Burgos;Residentes en España;Junio;1,91
Burgos;Residentes en España;Julio;2,34
Burgos;Residentes en España;Agosto;2,92
Burgos;Residentes en España;Septiembre;1,93
Burgos;Residentes en España;Octubre;2,09
Burgos;Residentes en España;Noviembre;1,93
Burgos;Residentes en España;Diciembre;2,42
Burgos;No Residentes en España;Total;1,7
Burgos;No Residentes en España;Enero;2,14
Burgos;No Residentes en España;Febrero;1,98
Burgos;No Residentes en España;Marzo;1,94
Burgos;No Residentes en España;Abril;2,02
Burgos;No Residentes en España;Mayo;1,33
Burgos;No Residentes en España;Junio;1,47
Burgos;No Residentes en España;Julio;1,85
Burgos;No Residentes en España;Agosto;2,09
Burgos;No Residentes en España;Septiembre;1,39
Burgos;No Residentes en España;Octubre;1,61
Burgos;No Residentes en España;Noviembre;2,02
Burgos;No Residentes en España;Diciembre;2,1
Cáceres;Total;Total;2,42
Cáceres;Total;Enero;2,11
Cáceres;Total;Febrero;2,15
Cáceres;Total;Marzo;2,51
Cáceres;Total;Abril;2,29
Cáceres;Total;Mayo;2,32
Cáceres;Total;Junio;2,21
Cáceres;Total;Julio;2,83
Cáceres;Total;Agosto;2,87
Cáceres;Total;Septiembre;2,32
Cáceres;Total;Octubre;1,97
Cáceres;Total;Noviembre;2,09
Cáceres;Total;Diciembre;2,46
Cáceres;Residentes en España;Total;2,41
Cáceres;Residentes en España;Enero;2,1
Cáceres;Residentes en España;Febrero;2,17
Cáceres;Residentes en España;Marzo;2,56
Cáceres;Residentes en España;Abril;2,12
Cáceres;Residentes en España;Mayo;2,26
Cáceres;Residentes en España;Junio;2,22
Cáceres;Residentes en España;Julio;2,81
Cáceres;Residentes en España;Agosto;2,9
Cáceres;Residentes en España;Septiembre;2,33
Cáceres;Residentes en España;Octubre;2
Cáceres;Residentes en España;Noviembre;2,11
Cáceres;Residentes en España;Diciembre;2,49
Cáceres;No Residentes en España;Total;2,45
Cáceres;No Residentes en España;Enero;2,29
Cáceres;No Residentes en España;Febrero;2,01
Cáceres;No Residentes en España;Marzo;2,29
Cáceres;No Residentes en España;Abril;2,92
Cáceres;No Residentes en España;Mayo;2,59
Cáceres;No Residentes en España;Junio;2,15
Cáceres;No Residentes en España;Julio;3,01
Cáceres;No Residentes en España;Agosto;2,65
Cáceres;No Residentes en España;Septiembre;2,24
Cáceres;No Residentes en España;Octubre;1,81
Cáceres;No Residentes en España;Noviembre;1,99
Cáceres;No Residentes en España;Diciembre;2,24
Cádiz;Total;Total;2,34
Cádiz;Total;Enero;2,44
Cádiz;Total;Febrero;1,79
Cádiz;Total;Marzo;2,15
Cádiz;Total;Abril;2,44
Cádiz;Total;Mayo;2,16
Cádiz;Total;Junio;2,25
Cádiz;Total;Julio;2,8
Cádiz;Total;Agosto;2,77
Cádiz;Total;Septiembre;2,43
Cádiz;Total;Octubre;2,04
Cádiz;Total;Noviembre;2,03
Cádiz;Total;Diciembre;2,33
Cádiz;Residentes en España;Total;2,13
Cádiz;Residentes en España;Enero;2,58
Cádiz;Residentes en España;Febrero;1,56
Cádiz;Residentes en España;Marzo;2,08
Cádiz;Residentes en España;Abril;1,95
Cádiz;Residentes en España;Mayo;1,77
Cádiz;Residentes en España;Junio;1,8
Cádiz;Residentes en España;Julio;2,66
Cádiz;Residentes en España;Agosto;2,7
Cádiz;Residentes en España;Septiembre;2,36
Cádiz;Residentes en España;Octubre;1,65
Cádiz;Residentes en España;Noviembre;1,95
Cádiz;Residentes en España;Diciembre;2,02
Cádiz;No Residentes en España;Total;2,94
Cádiz;No Residentes en España;Enero;2,01
Cádiz;No Residentes en España;Febrero;2,79
Cádiz;No Residentes en España;Marzo;2,34
Cádiz;No Residentes en España;Abril;3,67
Cádiz;No Residentes en España;Mayo;2,71
Cádiz;No Residentes en España;Junio;3,66
Cádiz;No Residentes en España;Julio;3,43
Cádiz;No Residentes en España;Agosto;3,09
Cádiz;No Residentes en España;Septiembre;2,62
Cádiz;No Residentes en España;Octubre;2,84
Cádiz;No Residentes en España;Noviembre;2,3
Cádiz;No Residentes en España;Diciembre;3,41
Cantabria;Total;Total;2,58
Cantabria;Total;Enero;2,11
Cantabria;Total;Febrero;2,08
Cantabria;Total;Marzo;2,39
Cantabria;Total;Abril;1,97
Cantabria;Total;Mayo;2,01
Cantabria;Total;Junio;2,18
Cantabria;Total;Julio;3,17
Cantabria;Total;Agosto;3,31
Cantabria;Total;Septiembre;2,28
Cantabria;Total;Octubre;2,08
Cantabria;Total;Noviembre;2,09
Cantabria;Total;Diciembre;2,51
Cantabria;Residentes en España;Total;2,65
Cantabria;Residentes en España;Enero;2,09
Cantabria;Residentes en España;Febrero;2,06
Cantabria;Residentes en España;Marzo;2,45
Cantabria;Residentes en España;Abril;2,01
Cantabria;Residentes en España;Mayo;2,01
Cantabria;Residentes en España;Junio;2,28
Cantabria;Residentes en España;Julio;3,24
Cantabria;Residentes en España;Agosto;3,49
Cantabria;Residentes en España;Septiembre;2,36
Cantabria;Residentes en España;Octubre;2,07
Cantabria;Residentes en España;Noviembre;2,04
Cantabria;Residentes en España;Diciembre;2,41
Cantabria;No Residentes en España;Total;2,28
Cantabria;No Residentes en España;Enero;2,27
Cantabria;No Residentes en España;Febrero;2,26
Cantabria;No Residentes en España;Marzo;1,78
Cantabria;No Residentes en España;Abril;1,83
Cantabria;No Residentes en España;Mayo;2,01
Cantabria;No Residentes en España;Junio;1,93
Cantabria;No Residentes en España;Julio;2,88
Cantabria;No Residentes en España;Agosto;2,47
Cantabria;No Residentes en España;Septiembre;2,08
Cantabria;No Residentes en España;Octubre;2,14
Cantabria;No Residentes en España;Noviembre;2,49
Cantabria;No Residentes en España;Diciembre;3,71
Castellón;Total;Total;2,85
Castellón;Total;Enero;2,17
Castellón;Total;Febrero;2,38
Castellón;Total;Marzo;2,58
Castellón;Total;Abril;2,46
Castellón;Total;Mayo;2,24
Castellón;Total;Junio;2,42
Castellón;Total;Julio;3,52
Castellón;Total;Agosto;4,91
Castellón;Total;Septiembre;2,67
Castellón;Total;Octubre;2,28
Castellón;Total;Noviembre;2,11
Castellón;Total;Diciembre;2,37
Castellón;Residentes en España;Total;2,61
Castellón;Residentes en España;Enero;2,19
Castellón;Residentes en España;Febrero;2,34
Castellón;Residentes en España;Marzo;2,57
Castellón;Residentes en España;Abril;2,29
Castellón;Residentes en España;Mayo;2,15
Castellón;Residentes en España;Junio;2,24
Castellón;Residentes en España;Julio;2,98
Castellón;Residentes en España;Agosto;4,31
Castellón;Residentes en España;Septiembre;2,51
Castellón;Residentes en España;Octubre;2,11
Castellón;Residentes en España;Noviembre;2,02
Castellón;Residentes en España;Diciembre;2,36
Castellón;No Residentes en España;Total;5,35
Castellón;No Residentes en España;Enero;1,81
Castellón;No Residentes en España;Febrero;3,5
Castellón;No Residentes en España;Marzo;3,02
Castellón;No Residentes en España;Abril;4,03
Castellón;No Residentes en España;Mayo;2,99
Castellón;No Residentes en España;Junio;5,48
Castellón;No Residentes en España;Julio;6,45
Castellón;No Residentes en España;Agosto;8,08
Castellón;No Residentes en España;Septiembre;3,99
Castellón;No Residentes en España;Octubre;3,64
Castellón;No Residentes en España;Noviembre;3,5
Castellón;No Residentes en España;Diciembre;4
Ciudad Real;Total;Total;2,21
Ciudad Real;Total;Enero;2,48
Ciudad Real;Total;Febrero;2,17
Ciudad Real;Total;Marzo;2,64
Ciudad Real;Total;Abril;1,93
Ciudad Real;Total;Mayo;1,89
Ciudad Real;Total;Junio;2,12
Ciudad Real;Total;Julio;2,45
Ciudad Real;Total;Agosto;3,12
Ciudad Real;Total;Septiembre;1,95
Ciudad Real;Total;Octubre;1,68
Ciudad Real;Total;Noviembre;1,76
Ciudad Real;Total;Diciembre;2,17
Ciudad Real;Residentes en España;Total;2,2
Ciudad Real;Residentes en España;Enero;2,14
Ciudad Real;Residentes en España;Febrero;2,15
Ciudad Real;Residentes en España;Marzo;2,65
Ciudad Real;Residentes en España;Abril;1,95
Ciudad Real;Residentes en España;Mayo;1,88
Ciudad Real;Residentes en España;Junio;2,13
Ciudad Real;Residentes en España;Julio;2,47
Ciudad Real;Residentes en España;Agosto;3,17
Ciudad Real;Residentes en España;Septiembre;1,92
Ciudad Real;Residentes en España;Octubre;1,68
Ciudad Real;Residentes en España;Noviembre;1,77
Ciudad Real;Residentes en España;Diciembre;2,19
Ciudad Real;No Residentes en España;Total;2,5
Ciudad Real;No Residentes en España;Enero;14,64
Ciudad Real;No Residentes en España;Febrero;2,68
Ciudad Real;No Residentes en España;Marzo;1,37
Ciudad Real;No Residentes en España;Abril;1,75
Ciudad Real;No Residentes en España;Mayo;2,16
Ciudad Real;No Residentes en España;Junio;1,75
Ciudad Real;No Residentes en España;Julio;1,31
Ciudad Real;No Residentes en España;Agosto;1,27
Ciudad Real;No Residentes en España;Septiembre;4,1
Ciudad Real;No Residentes en España;Octubre;1,52
Ciudad Real;No Residentes en España;Noviembre;1
Ciudad Real;No Residentes en España;Diciembre;1,31
Córdoba;Total;Total;2,73
Córdoba;Total;Enero;2,9
Córdoba;Total;Febrero;2,22
Córdoba;Total;Marzo;2,59
Córdoba;Total;Abril;2,29
Córdoba;Total;Mayo;2,58
Córdoba;Total;Junio;2,24
Córdoba;Total;Julio;3,57
Córdoba;Total;Agosto;4,2
Córdoba;Total;Septiembre;2,27
Córdoba;Total;Octubre;2,12
Córdoba;Total;Noviembre;2,13
Córdoba;Total;Diciembre;2,56
Córdoba;Residentes en España;Total;2,52
Córdoba;Residentes en España;Enero;2,34
Córdoba;Residentes en España;Febrero;2,23
Córdoba;Residentes en España;Marzo;2,56
Córdoba;Residentes en España;Abril;2,04
Córdoba;Residentes en España;Mayo;2,2
Córdoba;Residentes en España;Junio;2,1
Córdoba;Residentes en España;Julio;3,18
Córdoba;Residentes en España;Agosto;3,77
Córdoba;Residentes en España;Septiembre;2,23
Córdoba;Residentes en España;Octubre;1,95
Córdoba;Residentes en España;Noviembre;2
Córdoba;Residentes en España;Diciembre;2,47
Córdoba;No Residentes en España;Total;4,84
Córdoba;No Residentes en España;Enero;30
Córdoba;No Residentes en España;Febrero;2,18
Córdoba;No Residentes en España;Marzo;2,84
Córdoba;No Residentes en España;Abril;3,74
Córdoba;No Residentes en España;Mayo;3,67
Córdoba;No Residentes en España;Junio;4,19
Córdoba;No Residentes en España;Julio;7,41
Córdoba;No Residentes en España;Agosto;8,02
Córdoba;No Residentes en España;Septiembre;3,1
Córdoba;No Residentes en España;Octubre;4,58
Córdoba;No Residentes en España;Noviembre;4,65
Córdoba;No Residentes en España;Diciembre;4,83
Coruña, A;Total;Total;1,71
Coruña, A;Total;Enero;1,75
Coruña, A;Total;Febrero;1,39
Coruña, A;Total;Marzo;1,52
Coruña, A;Total;Abril;1,28
Coruña, A;Total;Mayo;1,26
Coruña, A;Total;Junio;1,47
Coruña, A;Total;Julio;2,23
Coruña, A;Total;Agosto;2,47
Coruña, A;Total;Septiembre;1,44
Coruña, A;Total;Octubre;1,44
Coruña, A;Total;Noviembre;1,48
Coruña, A;Total;Diciembre;2,02
Coruña, A;Residentes en España;Total;2
Coruña, A;Residentes en España;Enero;1,87
Coruña, A;Residentes en España;Febrero;1,46
Coruña, A;Residentes en España;Marzo;1,6
Coruña, A;Residentes en España;Abril;1,43
Coruña, A;Residentes en España;Mayo;1,39
Coruña, A;Residentes en España;Junio;1,71
Coruña, A;Residentes en España;Julio;2,42
Coruña, A;Residentes en España;Agosto;2,7
Coruña, A;Residentes en España;Septiembre;1,81
Coruña, A;Residentes en España;Octubre;1,61
Coruña, A;Residentes en España;Noviembre;1,52
Coruña, A;Residentes en España;Diciembre;2,04
Coruña, A;No Residentes en España;Total;1,44
Coruña, A;No Residentes en España;Enero;1,18
Coruña, A;No Residentes en España;Febrero;1,14
Coruña, A;No Residentes en España;Marzo;1,41
Coruña, A;No Residentes en España;Abril;1,19
Coruña, A;No Residentes en España;Mayo;1,2
Coruña, A;No Residentes en España;Junio;1,31
Coruña, A;No Residentes en España;Julio;1,96
Coruña, A;No Residentes en España;Agosto;2,08
Coruña, A;No Residentes en España;Septiembre;1,24
Coruña, A;No Residentes en España;Octubre;1,35
Coruña, A;No Residentes en España;Noviembre;1,35
Coruña, A;No Residentes en España;Diciembre;1,95
Cuenca;Total;Total;2,37
Cuenca;Total;Enero;2,59
Cuenca;Total;Febrero;2,77
Cuenca;Total;Marzo;2,62
Cuenca;Total;Abril;2,21
Cuenca;Total;Mayo;2,21
Cuenca;Total;Junio;2,13
Cuenca;Total;Julio;2,49
Cuenca;Total;Agosto;2,85
Cuenca;Total;Septiembre;2,17
Cuenca;Total;Octubre;2,06
Cuenca;Total;Noviembre;2,08
Cuenca;Total;Diciembre;2,4
Cuenca;Residentes en España;Total;2,36
Cuenca;Residentes en España;Enero;2,59
Cuenca;Residentes en España;Febrero;2,21
Cuenca;Residentes en España;Marzo;2,64
Cuenca;Residentes en España;Abril;2,26
Cuenca;Residentes en España;Mayo;2,25
Cuenca;Residentes en España;Junio;2,14
Cuenca;Residentes en España;Julio;2,47
Cuenca;Residentes en España;Agosto;2,84
Cuenca;Residentes en España;Septiembre;2,2
Cuenca;Residentes en España;Octubre;2,09
Cuenca;Residentes en España;Noviembre;2,08
Cuenca;Residentes en España;Diciembre;2,4
Cuenca;No Residentes en España;Total;2,61
Cuenca;No Residentes en España;Enero;2,5
Cuenca;No Residentes en España;Febrero;7,32
Cuenca;No Residentes en España;Marzo;1,93
Cuenca;No Residentes en España;Abril;1,79
Cuenca;No Residentes en España;Mayo;1,81
Cuenca;No Residentes en España;Junio;1,92
Cuenca;No Residentes en España;Julio;2,71
Cuenca;No Residentes en España;Agosto;3,03
Cuenca;No Residentes en España;Septiembre;1,69
Cuenca;No Residentes en España;Octubre;1,66
Cuenca;No Residentes en España;Noviembre;2,18
Cuenca;No Residentes en España;Diciembre;2,36
Gipuzkoa;Total;Total;2,81
Gipuzkoa;Total;Enero;2,87
Gipuzkoa;Total;Febrero;2,68
Gipuzkoa;Total;Marzo;2,66
Gipuzkoa;Total;Abril;2,45
Gipuzkoa;Total;Mayo;2,47
Gipuzkoa;Total;Junio;2,43
Gipuzkoa;Total;Julio;3,44
Gipuzkoa;Total;Agosto;3,82
Gipuzkoa;Total;Septiembre;2,59
Gipuzkoa;Total;Octubre;2,23
Gipuzkoa;Total;Noviembre;2,29
Gipuzkoa;Total;Diciembre;2,49
Gipuzkoa;Residentes en España;Total;2,81
Gipuzkoa;Residentes en España;Enero;2,65
Gipuzkoa;Residentes en España;Febrero;2,54
Gipuzkoa;Residentes en España;Marzo;2,49
Gipuzkoa;Residentes en España;Abril;2,46
Gipuzkoa;Residentes en España;Mayo;2,29
Gipuzkoa;Residentes en España;Junio;2,3
Gipuzkoa;Residentes en España;Julio;3,57
Gipuzkoa;Residentes en España;Agosto;3,99
Gipuzkoa;Residentes en España;Septiembre;2,7
Gipuzkoa;Residentes en España;Octubre;2,17
Gipuzkoa;Residentes en España;Noviembre;2,34
Gipuzkoa;Residentes en España;Diciembre;2,53
Gipuzkoa;No Residentes en España;Total;2,81
Gipuzkoa;No Residentes en España;Enero;4,08
Gipuzkoa;No Residentes en España;Febrero;3,25
Gipuzkoa;No Residentes en España;Marzo;3,52
Gipuzkoa;No Residentes en España;Abril;2,42
Gipuzkoa;No Residentes en España;Mayo;2,74
Gipuzkoa;No Residentes en España;Junio;2,67
Gipuzkoa;No Residentes en España;Julio;3,21
Gipuzkoa;No Residentes en España;Agosto;3,36
Gipuzkoa;No Residentes en España;Septiembre;2,4
Gipuzkoa;No Residentes en España;Octubre;2,36
Gipuzkoa;No Residentes en España;Noviembre;2,1
Gipuzkoa;No Residentes en España;Diciembre;2,27
Girona;Total;Total;2,69
Girona;Total;Enero;2,1
Girona;Total;Febrero;2,06
Girona;Total;Marzo;2,4
Girona;Total;Abril;1,96
Girona;Total;Mayo;2,06
Girona;Total;Junio;2,22
Girona;Total;Julio;3,81
Girona;Total;Agosto;4,58
Girona;Total;Septiembre;2,5
Girona;Total;Octubre;2,37
Girona;Total;Noviembre;2,06
Girona;Total;Diciembre;2,48
Girona;Residentes en España;Total;2,41
Girona;Residentes en España;Enero;2
Girona;Residentes en España;Febrero;1,99
Girona;Residentes en España;Marzo;2,38
Girona;Residentes en España;Abril;1,85
Girona;Residentes en España;Mayo;1,88
Girona;Residentes en España;Junio;2,12
Girona;Residentes en España;Julio;2,76
Girona;Residentes en España;Agosto;4,3
Girona;Residentes en España;Septiembre;2,42
Girona;Residentes en España;Octubre;2,23
Girona;Residentes en España;Noviembre;2,04
Girona;Residentes en España;Diciembre;2,48
Girona;No Residentes en España;Total;3,85
Girona;No Residentes en España;Enero;3,9
Girona;No Residentes en España;Febrero;3,08
Girona;No Residentes en España;Marzo;2,63
Girona;No Residentes en España;Abril;2,49
Girona;No Residentes en España;Mayo;2,71
Girona;No Residentes en España;Junio;2,9
Girona;No Residentes en España;Julio;5,49
Girona;No Residentes en España;Agosto;5,06
Girona;No Residentes en España;Septiembre;2,8
Girona;No Residentes en España;Octubre;2,92
Girona;No Residentes en España;Noviembre;2,32
Girona;No Residentes en España;Diciembre;2,48
Granada;Total;Total;2,8
Granada;Total;Enero;2,31
Granada;Total;Febrero;2,59
Granada;Total;Marzo;3,02
Granada;Total;Abril;2,44
Granada;Total;Mayo;2,79
Granada;Total;Junio;2,66
Granada;Total;Julio;3,28
Granada;Total;Agosto;3,75
Granada;Total;Septiembre;2,77
Granada;Total;Octubre;2,49
Granada;Total;Noviembre;2,09
Granada;Total;Diciembre;2,37
Granada;Residentes en España;Total;2,37
Granada;Residentes en España;Enero;2,26
Granada;Residentes en España;Febrero;2,13
Granada;Residentes en España;Marzo;2,64
Granada;Residentes en España;Abril;1,97
Granada;Residentes en España;Mayo;2,02
Granada;Residentes en España;Junio;2,2
Granada;Residentes en España;Julio;2,85
Granada;Residentes en España;Agosto;3,07
Granada;Residentes en España;Septiembre;2,1
Granada;Residentes en España;Octubre;1,87
Granada;Residentes en España;Noviembre;2,1
Granada;Residentes en España;Diciembre;2,21
Granada;No Residentes en España;Total;4,42
Granada;No Residentes en España;Enero;4,43
Granada;No Residentes en España;Febrero;4,25
Granada;No Residentes en España;Marzo;5,01
Granada;No Residentes en España;Abril;3,84
Granada;No Residentes en España;Mayo;4,55
Granada;No Residentes en España;Junio;3,93
Granada;No Residentes en España;Julio;5,46
Granada;No Residentes en España;Agosto;7,17
Granada;No Residentes en España;Septiembre;4,27
Granada;No Residentes en España;Octubre;3,51
Granada;No Residentes en España;Noviembre;2,01
Granada;No Residentes en España;Diciembre;4,06
Guadalajara;Total;Total;2,15
Guadalajara;Total;Enero;2,27
Guadalajara;Total;Febrero;2,05
Guadalajara;Total;Marzo;2,2
Guadalajara;Total;Abril;2,08
Guadalajara;Total;Mayo;2,09
Guadalajara;Total;Junio;1,91
Guadalajara;Total;Julio;2,01
Guadalajara;Total;Agosto;2,32
Guadalajara;Total;Septiembre;1,97
Guadalajara;Total;Octubre;2,14
Guadalajara;Total;Noviembre;2,32
Guadalajara;Total;Diciembre;2,37
Guadalajara;Residentes en España;Total;2,14
Guadalajara;Residentes en España;Enero;2,3
Guadalajara;Residentes en España;Febrero;2,09
Guadalajara;Residentes en España;Marzo;2,24
Guadalajara;Residentes en España;Abril;2,12
Guadalajara;Residentes en España;Mayo;2,12
Guadalajara;Residentes en España;Junio;1,94
Guadalajara;Residentes en España;Julio;2,03
Guadalajara;Residentes en España;Agosto;2,34
Guadalajara;Residentes en España;Septiembre;2,07
Guadalajara;Residentes en España;Octubre;2,03
Guadalajara;Residentes en España;Noviembre;2,18
Guadalajara;Residentes en España;Diciembre;2,25
Guadalajara;No Residentes en España;Total;2,22
Guadalajara;No Residentes en España;Enero;1,58
Guadalajara;No Residentes en España;Febrero;1,09
Guadalajara;No Residentes en España;Marzo;1,28
Guadalajara;No Residentes en España;Abril;1,46
Guadalajara;No Residentes en España;Mayo;1,35
Guadalajara;No Residentes en España;Junio;1,31
Guadalajara;No Residentes en España;Julio;1,66
Guadalajara;No Residentes en España;Agosto;1,68
Guadalajara;No Residentes en España;Septiembre;1,31
Guadalajara;No Residentes en España;Octubre;3,64
Guadalajara;No Residentes en España;Noviembre;6,67
Guadalajara;No Residentes en España;Diciembre;7,23
Huelva;Total;Total;2,27
Huelva;Total;Enero;1,86
Huelva;Total;Febrero;2,04
Huelva;Total;Marzo;2,28
Huelva;Total;Abril;2,11
Huelva;Total;Mayo;2,3
Huelva;Total;Junio;2,11
Huelva;Total;Julio;2,3
Huelva;Total;Agosto;2,97
Huelva;Total;Septiembre;2,16
Huelva;Total;Octubre;2,11
Huelva;Total;Noviembre;2,25
Huelva;Total;Diciembre;2,32
Huelva;Residentes en España;Total;2,2
Huelva;Residentes en España;Enero;1,81
Huelva;Residentes en España;Febrero;1,92
Huelva;Residentes en España;Marzo;2,23
Huelva;Residentes en España;Abril;2,04
Huelva;Residentes en España;Mayo;2,3
Huelva;Residentes en España;Junio;2,08
Huelva;Residentes en España;Julio;2,26
Huelva;Residentes en España;Agosto;2,84
Huelva;Residentes en España;Septiembre;2,01
Huelva;Residentes en España;Octubre;2,01
Huelva;Residentes en España;Noviembre;2,24
Huelva;Residentes en España;Diciembre;2,29
Huelva;No Residentes en España;Total;3,03
Huelva;No Residentes en España;Enero;3,11
Huelva;No Residentes en España;Febrero;3,53
Huelva;No Residentes en España;Marzo;2,73
Huelva;No Residentes en España;Abril;2,54
Huelva;No Residentes en España;Mayo;2,4
Huelva;No Residentes en España;Junio;2,41
Huelva;No Residentes en España;Julio;3,11
Huelva;No Residentes en España;Agosto;4,47
Huelva;No Residentes en España;Septiembre;3,59
Huelva;No Residentes en España;Octubre;2,74
Huelva;No Residentes en España;Noviembre;2,37
Huelva;No Residentes en España;Diciembre;2,75
Huesca;Total;Total;3,06
Huesca;Total;Enero;2,9
Huesca;Total;Febrero;2,65
Huesca;Total;Marzo;2,96
Huesca;Total;Abril;2,84
Huesca;Total;Mayo;2,58
Huesca;Total;Junio;2,69
Huesca;Total;Julio;3,79
Huesca;Total;Agosto;4,1
Huesca;Total;Septiembre;2,71
Huesca;Total;Octubre;2,44
Huesca;Total;Noviembre;2,43
Huesca;Total;Diciembre;2,9
Huesca;Residentes en España;Total;3,06
Huesca;Residentes en España;Enero;2,94
Huesca;Residentes en España;Febrero;2,72
Huesca;Residentes en España;Marzo;3,02
Huesca;Residentes en España;Abril;2,85
Huesca;Residentes en España;Mayo;2,57
Huesca;Residentes en España;Junio;2,69
Huesca;Residentes en España;Julio;3,63
Huesca;Residentes en España;Agosto;4,32
Huesca;Residentes en España;Septiembre;2,67
Huesca;Residentes en España;Octubre;2,4
Huesca;Residentes en España;Noviembre;2,38
Huesca;Residentes en España;Diciembre;2,94
Huesca;No Residentes en España;Total;3,03
Huesca;No Residentes en España;Enero;2,2
Huesca;No Residentes en España;Febrero;1,85
Huesca;No Residentes en España;Marzo;1,91
Huesca;No Residentes en España;Abril;2,81
Huesca;No Residentes en España;Mayo;2,61
Huesca;No Residentes en España;Junio;2,7
Huesca;No Residentes en España;Julio;4,38
Huesca;No Residentes en España;Agosto;3,42
Huesca;No Residentes en España;Septiembre;2,86
Huesca;No Residentes en España;Octubre;2,61
Huesca;No Residentes en España;Noviembre;2,63
Huesca;No Residentes en España;Diciembre;2,29
Jaén;Total;Total;2,49
Jaén;Total;Enero;2,15
Jaén;Total;Febrero;2,04
Jaén;Total;Marzo;2,44
Jaén;Total;Abril;2,06
Jaén;Total;Mayo;2,01
Jaén;Total;Junio;2,99
Jaén;Total;Julio;3,3
Jaén;Total;Agosto;3,55
Jaén;Total;Septiembre;2
Jaén;Total;Octubre;1,94
Jaén;Total;Noviembre;2,05
Jaén;Total;Diciembre;2,37
Jaén;Residentes en España;Total;2,42
Jaén;Residentes en España;Enero;2,15
Jaén;Residentes en España;Febrero;2,01
Jaén;Residentes en España;Marzo;2,45
Jaén;Residentes en España;Abril;2,05
Jaén;Residentes en España;Mayo;1,99
Jaén;Residentes en España;Junio;2,94
Jaén;Residentes en España;Julio;3,03
Jaén;Residentes en España;Agosto;3,38
Jaén;Residentes en España;Septiembre;1,99
Jaén;Residentes en España;Octubre;1,92
Jaén;Residentes en España;Noviembre;2,05
Jaén;Residentes en España;Diciembre;2,36
Jaén;No Residentes en España;Total;4,02
Jaén;No Residentes en España;Enero;2,14
Jaén;No Residentes en España;Febrero;3,71
Jaén;No Residentes en España;Marzo;2,07
Jaén;No Residentes en España;Abril;2,18
Jaén;No Residentes en España;Mayo;2,48
Jaén;No Residentes en España;Junio;3,63
Jaén;No Residentes en España;Julio;6,86
Jaén;No Residentes en España;Agosto;8,27
Jaén;No Residentes en España;Septiembre;2,4
Jaén;No Residentes en España;Octubre;2,41
Jaén;No Residentes en España;Noviembre;2,08
Jaén;No Residentes en España;Diciembre;2,52
León;Total;Total;2,49
León;Total;Enero;2,14
León;Total;Febrero;2,25
León;Total;Marzo;2,62
León;Total;Abril;2,17
León;Total;Mayo;2,21
León;Total;Junio;2,5
León;Total;Julio;2,39
León;Total;Agosto;3,02
León;Total;Septiembre;2,2
León;Total;Octubre;2,22
León;Total;Noviembre;2,73
León;Total;Diciembre;2,69
León;Residentes en España;Total;2,66
León;Residentes en España;Enero;2,16
León;Residentes en España;Febrero;2,16
León;Residentes en España;Marzo;2,64
León;Residentes en España;Abril;2,44
León;Residentes en España;Mayo;2,68
León;Residentes en España;Junio;2,76
León;Residentes en España;Julio;2,53
León;Residentes en España;Agosto;3,15
León;Residentes en España;Septiembre;2,42
León;Residentes en España;Octubre;2,41
León;Residentes en España;Noviembre;2,76
León;Residentes en España;Diciembre;2,7
León;No Residentes en España;Total;1,8
León;No Residentes en España;Enero;1,85
León;No Residentes en España;Febrero;3,39
León;No Residentes en España;Marzo;1,9
León;No Residentes en España;Abril;1,49
León;No Residentes en España;Mayo;1,36
León;No Residentes en España;Junio;1,89
León;No Residentes en España;Julio;1,93
León;No Residentes en España;Agosto;2,43
León;No Residentes en España;Septiembre;1,55
León;No Residentes en España;Octubre;1,52
León;No Residentes en España;Noviembre;1,77
León;No Residentes en España;Diciembre;2,52
Lleida;Total;Total;2,61
Lleida;Total;Enero;2,96
Lleida;Total;Febrero;2,39
Lleida;Total;Marzo;2,7
Lleida;Total;Abril;2,06
Lleida;Total;Mayo;2,07
Lleida;Total;Junio;2,38
Lleida;Total;Julio;2,96
Lleida;Total;Agosto;3,88
Lleida;Total;Septiembre;2,33
Lleida;Total;Octubre;2,3
Lleida;Total;Noviembre;2
Lleida;Total;Diciembre;2,48
Lleida;Residentes en España;Total;2,55
Lleida;Residentes en España;Enero;3,01
Lleida;Residentes en España;Febrero;2,36
Lleida;Residentes en España;Marzo;2,68
Lleida;Residentes en España;Abril;1,98
Lleida;Residentes en España;Mayo;2,02
Lleida;Residentes en España;Junio;2,18
Lleida;Residentes en España;Julio;2,81
Lleida;Residentes en España;Agosto;3,83
Lleida;Residentes en España;Septiembre;2,24
Lleida;Residentes en España;Octubre;2,31
Lleida;Residentes en España;Noviembre;1,98
Lleida;Residentes en España;Diciembre;2,46
Lleida;No Residentes en España;Total;3,16
Lleida;No Residentes en España;Enero;2,23
Lleida;No Residentes en España;Febrero;3,04
Lleida;No Residentes en España;Marzo;2,97
Lleida;No Residentes en España;Abril;2,59
Lleida;No Residentes en España;Mayo;2,31
Lleida;No Residentes en España;Junio;3,51
Lleida;No Residentes en España;Julio;4,19
Lleida;No Residentes en España;Agosto;4,37
Lleida;No Residentes en España;Septiembre;3,13
Lleida;No Residentes en España;Octubre;2,25
Lleida;No Residentes en España;Noviembre;2,44
Lleida;No Residentes en España;Diciembre;2,84
Lugo;Total;Total;1,86
Lugo;Total;Enero;2,27
Lugo;Total;Febrero;1,46
Lugo;Total;Marzo;2
Lugo;Total;Abril;1,37
Lugo;Total;Mayo;1,46
Lugo;Total;Junio;1,53
Lugo;Total;Julio;2,05
Lugo;Total;Agosto;2,76
Lugo;Total;Septiembre;1,62
Lugo;Total;Octubre;1,42
Lugo;Total;Noviembre;1,71
Lugo;Total;Diciembre;1,8
Lugo;Residentes en España;Total;2,04
Lugo;Residentes en España;Enero;2,23
Lugo;Residentes en España;Febrero;1,41
Lugo;Residentes en España;Marzo;2,02
Lugo;Residentes en España;Abril;1,61
Lugo;Residentes en España;Mayo;1,66
Lugo;Residentes en España;Junio;1,67
Lugo;Residentes en España;Julio;2,2
Lugo;Residentes en España;Agosto;2,85
Lugo;Residentes en España;Septiembre;1,85
Lugo;Residentes en España;Octubre;1,59
Lugo;Residentes en España;Noviembre;1,66
Lugo;Residentes en España;Diciembre;1,73
Lugo;No Residentes en España;Total;1,39
Lugo;No Residentes en España;Enero;2,67
Lugo;No Residentes en España;Febrero;3,86
Lugo;No Residentes en España;Marzo;1,77
Lugo;No Residentes en España;Abril;1,1
Lugo;No Residentes en España;Mayo;1,13
Lugo;No Residentes en España;Junio;1,26
Lugo;No Residentes en España;Julio;1,55
Lugo;No Residentes en España;Agosto;2,27
Lugo;No Residentes en España;Septiembre;1,24
Lugo;No Residentes en España;Octubre;1,18
Lugo;No Residentes en España;Noviembre;2,36
Lugo;No Residentes en España;Diciembre;2,67
Madrid;Total;Total;1,93
Madrid;Total;Enero;1,85
Madrid;Total;Febrero;1,81
Madrid;Total;Marzo;1,86
Madrid;Total;Abril;1,77
Madrid;Total;Mayo;1,75
Madrid;Total;Junio;1,93
Madrid;Total;Julio;2,22
Madrid;Total;Agosto;2,42
Madrid;Total;Septiembre;1,8
Madrid;Total;Octubre;1,82
Madrid;Total;Noviembre;1,84
Madrid;Total;Diciembre;1,94
Madrid;Residentes en España;Total;1,9
Madrid;Residentes en España;Enero;1,86
Madrid;Residentes en España;Febrero;1,81
Madrid;Residentes en España;Marzo;1,86
Madrid;Residentes en España;Abril;1,78
Madrid;Residentes en España;Mayo;1,71
Madrid;Residentes en España;Junio;1,92
Madrid;Residentes en España;Julio;2,19
Madrid;Residentes en España;Agosto;2,34
Madrid;Residentes en España;Septiembre;1,74
Madrid;Residentes en España;Octubre;1,78
Madrid;Residentes en España;Noviembre;1,82
Madrid;Residentes en España;Diciembre;1,92
Madrid;No Residentes en España;Total;2,28
Madrid;No Residentes en España;Enero;1,76
Madrid;No Residentes en España;Febrero;1,79
Madrid;No Residentes en España;Marzo;1,85
Madrid;No Residentes en España;Abril;1,54
Madrid;No Residentes en España;Mayo;2,24
Madrid;No Residentes en España;Junio;2,01
Madrid;No Residentes en España;Julio;2,51
Madrid;No Residentes en España;Agosto;3,41
Madrid;No Residentes en España;Septiembre;2,41
Madrid;No Residentes en España;Octubre;2,17
Madrid;No Residentes en España;Noviembre;2,18
Madrid;No Residentes en España;Diciembre;2,44
Málaga;Total;Total;5,32
Málaga;Total;Enero;4,35
Málaga;Total;Febrero;4,14
Málaga;Total;Marzo;5
Málaga;Total;Abril;5,29
Málaga;Total;Mayo;5,12
Málaga;Total;Junio;5,68
Málaga;Total;Julio;6,42
Málaga;Total;Agosto;6,14
Málaga;Total;Septiembre;5,08
Málaga;Total;Octubre;4,88
Málaga;Total;Noviembre;4,09
Málaga;Total;Diciembre;4,43
Málaga;Residentes en España;Total;3,25
Málaga;Residentes en España;Enero;1,79
Málaga;Residentes en España;Febrero;2
Málaga;Residentes en España;Marzo;2,82
Málaga;Residentes en España;Abril;2,47
Málaga;Residentes en España;Mayo;3,09
Málaga;Residentes en España;Junio;3,8
Málaga;Residentes en España;Julio;4,23
Málaga;Residentes en España;Agosto;4,41
Málaga;Residentes en España;Septiembre;2,98
Málaga;Residentes en España;Octubre;2,59
Málaga;Residentes en España;Noviembre;2,09
Málaga;Residentes en España;Diciembre;3,21
Málaga;No Residentes en España;Total;6,24
Málaga;No Residentes en España;Enero;6,2
Málaga;No Residentes en España;Febrero;5,51
Málaga;No Residentes en España;Marzo;6,1
Málaga;No Residentes en España;Abril;5,63
Málaga;No Residentes en España;Mayo;5,64
Málaga;No Residentes en España;Junio;6,28
Málaga;No Residentes en España;Julio;7,22
Málaga;No Residentes en España;Agosto;7,15
Málaga;No Residentes en España;Septiembre;6,05
Málaga;No Residentes en España;Octubre;5,7
Málaga;No Residentes en España;Noviembre;5,61
Málaga;No Residentes en España;Diciembre;6,69
Murcia;Total;Total;3,17
Murcia;Total;Enero;2,46
Murcia;Total;Febrero;2,49
Murcia;Total;Marzo;2,65
Murcia;Total;Abril;2,6
Murcia;Total;Mayo;2,85
Murcia;Total;Junio;2,46
Murcia;Total;Julio;4,08
Murcia;Total;Agosto;5,44
Murcia;Total;Septiembre;3,08
Murcia;Total;Octubre;2,72
Murcia;Total;Noviembre;2,58
Murcia;Total;Diciembre;2,88
Murcia;Residentes en España;Total;2,87
Murcia;Residentes en España;Enero;2,19
Murcia;Residentes en España;Febrero;2,33
Murcia;Residentes en España;Marzo;2,51
Murcia;Residentes en España;Abril;2,23
Murcia;Residentes en España;Mayo;2,16
Murcia;Residentes en España;Junio;2,29
Murcia;Residentes en España;Julio;3,66
Murcia;Residentes en España;Agosto;5,23
Murcia;Residentes en España;Septiembre;2,72
Murcia;Residentes en España;Octubre;2,24
Murcia;Residentes en España;Noviembre;2,29
Murcia;Residentes en España;Diciembre;2,66
Murcia;No Residentes en España;Total;8,37
Murcia;No Residentes en España;Enero;5,44
Murcia;No Residentes en España;Febrero;4,85
Murcia;No Residentes en España;Marzo;4,98
Murcia;No Residentes en España;Abril;11,81
Murcia;No Residentes en España;Mayo;12,22
Murcia;No Residentes en España;Junio;5,76
Murcia;No Residentes en España;Julio;11,11
Murcia;No Residentes en España;Agosto;9,47
Murcia;No Residentes en España;Septiembre;12,06
Murcia;No Residentes en España;Octubre;6,25
Murcia;No Residentes en España;Noviembre;14,12
Murcia;No Residentes en España;Diciembre;9,74
Navarra;Total;Total;2,57
Navarra;Total;Enero;2,36
Navarra;Total;Febrero;2,27
Navarra;Total;Marzo;2,78
Navarra;Total;Abril;1,82
Navarra;Total;Mayo;1,82
Navarra;Total;Junio;2,21
Navarra;Total;Julio;3,11
Navarra;Total;Agosto;3,55
Navarra;Total;Septiembre;2,49
Navarra;Total;Octubre;2,2
Navarra;Total;Noviembre;2,26
Navarra;Total;Diciembre;3,01
Navarra;Residentes en España;Total;2,76
Navarra;Residentes en España;Enero;2,33
Navarra;Residentes en España;Febrero;2,3
Navarra;Residentes en España;Marzo;2,84
Navarra;Residentes en España;Abril;2,33
Navarra;Residentes en España;Mayo;2,19
Navarra;Residentes en España;Junio;2,72
Navarra;Residentes en España;Julio;2,98
Navarra;Residentes en España;Agosto;3,56
Navarra;Residentes en España;Septiembre;2,63
Navarra;Residentes en España;Octubre;2,29
Navarra;Residentes en España;Noviembre;2,29
Navarra;Residentes en España;Diciembre;3
Navarra;No Residentes en España;Total;1,88
Navarra;No Residentes en España;Enero;2,6
Navarra;No Residentes en España;Febrero;1,83
Navarra;No Residentes en España;Marzo;2,02
Navarra;No Residentes en España;Abril;1,16
Navarra;No Residentes en España;Mayo;1,43
Navarra;No Residentes en España;Junio;1,32
Navarra;No Residentes en España;Julio;3,74
Navarra;No Residentes en España;Agosto;3,39
Navarra;No Residentes en España;Septiembre;1,88
Navarra;No Residentes en España;Octubre;1,68
Navarra;No Residentes en España;Noviembre;2,06
Navarra;No Residentes en España;Diciembre;3,22
Ourense;Total;Total;1,87
Ourense;Total;Enero;1,53
Ourense;Total;Febrero;1,48
Ourense;Total;Marzo;1,65
Ourense;Total;Abril;1,51
Ourense;Total;Mayo;1,65
Ourense;Total;Junio;1,78
Ourense;Total;Julio;2,11
Ourense;Total;Agosto;2,54
Ourense;Total;Septiembre;1,94
Ourense;Total;Octubre;1,87
Ourense;Total;Noviembre;1,47
Ourense;Total;Diciembre;1,61
Ourense;Residentes en España;Total;1,89
Ourense;Residentes en España;Enero;1,51
Ourense;Residentes en España;Febrero;1,46
Ourense;Residentes en España;Marzo;1,69
Ourense;Residentes en España;Abril;1,54
Ourense;Residentes en España;Mayo;1,69
Ourense;Residentes en España;Junio;1,75
Ourense;Residentes en España;Julio;2,05
Ourense;Residentes en España;Agosto;2,57
Ourense;Residentes en España;Septiembre;2,02
Ourense;Residentes en España;Octubre;1,94
Ourense;Residentes en España;Noviembre;1,48
Ourense;Residentes en España;Diciembre;1,6
Ourense;No Residentes en España;Total;1,78
Ourense;No Residentes en España;Enero;1,64
Ourense;No Residentes en España;Febrero;1,57
Ourense;No Residentes en España;Marzo;1,4
Ourense;No Residentes en España;Abril;1,43
Ourense;No Residentes en España;Mayo;1,53
Ourense;No Residentes en España;Junio;1,86
Ourense;No Residentes en España;Julio;2,41
Ourense;No Residentes en España;Agosto;2,36
Ourense;No Residentes en España;Septiembre;1,72
Ourense;No Residentes en España;Octubre;1,61
Ourense;No Residentes en España;Noviembre;1,39
Ourense;No Residentes en España;Diciembre;1,65
Palencia;Total;Total;2,43
Palencia;Total;Enero;2,3
Palencia;Total;Febrero;2,31
Palencia;Total;Marzo;2,38
Palencia;Total;Abril;2,44
Palencia;Total;Mayo;2,02
Palencia;Total;Junio;2,04
Palencia;Total;Julio;2,64
Palencia;Total;Agosto;3,14
Palencia;Total;Septiembre;2,21
Palencia;Total;Octubre;2,11
Palencia;Total;Noviembre;2,35
Palencia;Total;Diciembre;2,7
Palencia;Residentes en España;Total;2,55
Palencia;Residentes en España;Enero;2,42
Palencia;Residentes en España;Febrero;2,32
Palencia;Residentes en España;Marzo;2,48
Palencia;Residentes en España;Abril;2,46
Palencia;Residentes en España;Mayo;2,11
Palencia;Residentes en España;Junio;1,96
Palencia;Residentes en España;Julio;2,86
Palencia;Residentes en España;Agosto;3,45
Palencia;Residentes en España;Septiembre;2,28
Palencia;Residentes en España;Octubre;2,24
Palencia;Residentes en España;Noviembre;2,42
Palencia;Residentes en España;Diciembre;2,84
Palencia;No Residentes en España;Total;1,83
Palencia;No Residentes en España;Enero;1,45
Palencia;No Residentes en España;Febrero;2,24
Palencia;No Residentes en España;Marzo;1,78
Palencia;No Residentes en España;Abril;2,29
Palencia;No Residentes en España;Mayo;1,73
Palencia;No Residentes en España;Junio;2,4
Palencia;No Residentes en España;Julio;1,81
Palencia;No Residentes en España;Agosto;1,72
Palencia;No Residentes en España;Septiembre;1,88
Palencia;No Residentes en España;Octubre;1,51
Palencia;No Residentes en España;Noviembre;1,66
Palencia;No Residentes en España;Diciembre;1,6
Palmas, Las;Total;Total;3,41
Palmas, Las;Total;Enero;3,89
Palmas, Las;Total;Febrero;3,81
Palmas, Las;Total;Marzo;3,78
Palmas, Las;Total;Abril;3,71
Palmas, Las;Total;Mayo;2,78
Palmas, Las;Total;Junio;2,6
Palmas, Las;Total;Julio;3,17
Palmas, Las;Total;Agosto;3,4
Palmas, Las;Total;Septiembre;3,14
Palmas, Las;Total;Octubre;3,28
Palmas, Las;Total;Noviembre;3,49
Palmas, Las;Total;Diciembre;3,39
Palmas, Las;Residentes en España;Total;2,44
Palmas, Las;Residentes en España;Enero;2,6
Palmas, Las;Residentes en España;Febrero;2,56
Palmas, Las;Residentes en España;Marzo;3,18
Palmas, Las;Residentes en España;Abril;2,4
Palmas, Las;Residentes en España;Mayo;2,18
Palmas, Las;Residentes en España;Junio;2,05
Palmas, Las;Residentes en España;Julio;2,5
Palmas, Las;Residentes en España;Agosto;2,81
Palmas, Las;Residentes en España;Septiembre;2,23
Palmas, Las;Residentes en España;Octubre;2,47
Palmas, Las;Residentes en España;Noviembre;2,09
Palmas, Las;Residentes en España;Diciembre;2,25
Palmas, Las;No Residentes en España;Total;4
Palmas, Las;No Residentes en España;Enero;4,23
Palmas, Las;No Residentes en España;Febrero;4,08
Palmas, Las;No Residentes en España;Marzo;3,97
Palmas, Las;No Residentes en España;Abril;4,47
Palmas, Las;No Residentes en España;Mayo;3,19
Palmas, Las;No Residentes en España;Junio;3,44
Palmas, Las;No Residentes en España;Julio;4,34
Palmas, Las;No Residentes en España;Agosto;4,43
Palmas, Las;No Residentes en España;Septiembre;4,23
Palmas, Las;No Residentes en España;Octubre;3,89
Palmas, Las;No Residentes en España;Noviembre;3,99
Palmas, Las;No Residentes en España;Diciembre;3,79
Pontevedra;Total;Total;2,2
Pontevedra;Total;Enero;1,79
Pontevedra;Total;Febrero;1,56
Pontevedra;Total;Marzo;1,87
Pontevedra;Total;Abril;1,48
Pontevedra;Total;Mayo;1,65
Pontevedra;Total;Junio;1,82
Pontevedra;Total;Julio;2,7
Pontevedra;Total;Agosto;3,44
Pontevedra;Total;Septiembre;1,8
Pontevedra;Total;Octubre;1,78
Pontevedra;Total;Noviembre;1,98
Pontevedra;Total;Diciembre;1,96
Pontevedra;Residentes en España;Total;2,53
Pontevedra;Residentes en España;Enero;1,9
Pontevedra;Residentes en España;Febrero;1,59
Pontevedra;Residentes en España;Marzo;1,9
Pontevedra;Residentes en España;Abril;1,76
Pontevedra;Residentes en España;Mayo;1,91
Pontevedra;Residentes en España;Junio;1,9
Pontevedra;Residentes en España;Julio;3,03
Pontevedra;Residentes en España;Agosto;3,79
Pontevedra;Residentes en España;Septiembre;2,26
Pontevedra;Residentes en España;Octubre;2,08
Pontevedra;Residentes en España;Noviembre;1,98
Pontevedra;Residentes en España;Diciembre;2,05
Pontevedra;No Residentes en España;Total;1,56
Pontevedra;No Residentes en España;Enero;1,32
Pontevedra;No Residentes en España;Febrero;1,12
Pontevedra;No Residentes en España;Marzo;1,63
Pontevedra;No Residentes en España;Abril;1,23
Pontevedra;No Residentes en España;Mayo;1,33
Pontevedra;No Residentes en España;Junio;1,68
Pontevedra;No Residentes en España;Julio;1,76
Pontevedra;No Residentes en España;Agosto;2,31
Pontevedra;No Residentes en España;Septiembre;1,26
Pontevedra;No Residentes en España;Octubre;1,47
Pontevedra;No Residentes en España;Noviembre;1,99
Pontevedra;No Residentes en España;Diciembre;1,52
Rioja, La;Total;Total;2,31
Rioja, La;Total;Enero;2,1
Rioja, La;Total;Febrero;2,06
Rioja, La;Total;Marzo;2,63
Rioja, La;Total;Abril;2,09
Rioja, La;Total;Mayo;2
Rioja, La;Total;Junio;1,98
Rioja, La;Total;Julio;2,44
Rioja, La;Total;Agosto;3,1
Rioja, La;Total;Septiembre;2,05
Rioja, La;Total;Octubre;2,04
Rioja, La;Total;Noviembre;2,15
Rioja, La;Total;Diciembre;2,59
Rioja, La;Residentes en España;Total;2,41
Rioja, La;Residentes en España;Enero;1,96
Rioja, La;Residentes en España;Febrero;1,97
Rioja, La;Residentes en España;Marzo;2,75
Rioja, La;Residentes en España;Abril;2,13
Rioja, La;Residentes en España;Mayo;2,04
Rioja, La;Residentes en España;Junio;2,07
Rioja, La;Residentes en España;Julio;2,54
Rioja, La;Residentes en España;Agosto;3,28
Rioja, La;Residentes en España;Septiembre;2,2
Rioja, La;Residentes en España;Octubre;2,13
Rioja, La;Residentes en España;Noviembre;2,15
Rioja, La;Residentes en España;Diciembre;2,65
Rioja, La;No Residentes en España;Total;2,02
Rioja, La;No Residentes en España;Enero;2,69
Rioja, La;No Residentes en España;Febrero;2,25
Rioja, La;No Residentes en España;Marzo;1,97
Rioja, La;No Residentes en España;Abril;1,95
Rioja, La;No Residentes en España;Mayo;1,93
Rioja, La;No Residentes en España;Junio;1,84
Rioja, La;No Residentes en España;Julio;2,2
Rioja, La;No Residentes en España;Agosto;2,51
Rioja, La;No Residentes en España;Septiembre;1,79
Rioja, La;No Residentes en España;Octubre;1,69
Rioja, La;No Residentes en España;Noviembre;2,15
Rioja, La;No Residentes en España;Diciembre;1,93
Salamanca;Total;Total;2,24
Salamanca;Total;Enero;2,07
Salamanca;Total;Febrero;1,91
Salamanca;Total;Marzo;2,12
Salamanca;Total;Abril;1,83
Salamanca;Total;Mayo;1,8
Salamanca;Total;Junio;1,81
Salamanca;Total;Julio;2,46
Salamanca;Total;Agosto;3,29
Salamanca;Total;Septiembre;1,97
Salamanca;Total;Octubre;1,9
Salamanca;Total;Noviembre;1,95
Salamanca;Total;Diciembre;2,6
Salamanca;Residentes en España;Total;2,28
Salamanca;Residentes en España;Enero;2,09
Salamanca;Residentes en España;Febrero;1,95
Salamanca;Residentes en España;Marzo;2,19
Salamanca;Residentes en España;Abril;1,91
Salamanca;Residentes en España;Mayo;1,85
Salamanca;Residentes en España;Junio;1,87
Salamanca;Residentes en España;Julio;2,5
Salamanca;Residentes en España;Agosto;3,41
Salamanca;Residentes en España;Septiembre;1,97
Salamanca;Residentes en España;Octubre;1,93
Salamanca;Residentes en España;Noviembre;1,92
Salamanca;Residentes en España;Diciembre;2,56
Salamanca;No Residentes en España;Total;1,94
Salamanca;No Residentes en España;Enero;1,92
Salamanca;No Residentes en España;Febrero;1,51
Salamanca;No Residentes en España;Marzo;1,29
Salamanca;No Residentes en España;Abril;1,48
Salamanca;No Residentes en España;Mayo;1,45
Salamanca;No Residentes en España;Junio;1,46
Salamanca;No Residentes en España;Julio;2,18
Salamanca;No Residentes en España;Agosto;2,62
Salamanca;No Residentes en España;Septiembre;2
Salamanca;No Residentes en España;Octubre;1,69
Salamanca;No Residentes en España;Noviembre;2,18
Salamanca;No Residentes en España;Diciembre;3,24
Santa Cruz de Tenerife;Total;Total;4,82
Santa Cruz de Tenerife;Total;Enero;5,02
Santa Cruz de Tenerife;Total;Febrero;4,81
Santa Cruz de Tenerife;Total;Marzo;4,36
Santa Cruz de Tenerife;Total;Abril;4,51
Santa Cruz de Tenerife;Total;Mayo;4,19
Santa Cruz de Tenerife;Total;Junio;4,62
Santa Cruz de Tenerife;Total;Julio;5,46
Santa Cruz de Tenerife;Total;Agosto;4,85
Santa Cruz de Tenerife;Total;Septiembre;4,35
Santa Cruz de Tenerife;Total;Octubre;4,63
Santa Cruz de Tenerife;Total;Noviembre;4,99
Santa Cruz de Tenerife;Total;Diciembre;6,12
Santa Cruz de Tenerife;Residentes en España;Total;3,65
Santa Cruz de Tenerife;Residentes en España;Enero;4,04
Santa Cruz de Tenerife;Residentes en España;Febrero;3,92
Santa Cruz de Tenerife;Residentes en España;Marzo;3,09
Santa Cruz de Tenerife;Residentes en España;Abril;3,11
Santa Cruz de Tenerife;Residentes en España;Mayo;3,02
Santa Cruz de Tenerife;Residentes en España;Junio;3,33
Santa Cruz de Tenerife;Residentes en España;Julio;4,64
Santa Cruz de Tenerife;Residentes en España;Agosto;4,03
Santa Cruz de Tenerife;Residentes en España;Septiembre;3,31
Santa Cruz de Tenerife;Residentes en España;Octubre;3,4
Santa Cruz de Tenerife;Residentes en España;Noviembre;3,83
Santa Cruz de Tenerife;Residentes en España;Diciembre;4,2
Santa Cruz de Tenerife;No Residentes en España;Total;5,62
Santa Cruz de Tenerife;No Residentes en España;Enero;5,37
Santa Cruz de Tenerife;No Residentes en España;Febrero;5,19
Santa Cruz de Tenerife;No Residentes en España;Marzo;4,91
Santa Cruz de Tenerife;No Residentes en España;Abril;5,28
Santa Cruz de Tenerife;No Residentes en España;Mayo;5,46
Santa Cruz de Tenerife;No Residentes en España;Junio;6,91
Santa Cruz de Tenerife;No Residentes en España;Julio;6,57
Santa Cruz de Tenerife;No Residentes en España;Agosto;6,2
Santa Cruz de Tenerife;No Residentes en España;Septiembre;5,86
Santa Cruz de Tenerife;No Residentes en España;Octubre;5,45
Santa Cruz de Tenerife;No Residentes en España;Noviembre;5,53
Santa Cruz de Tenerife;No Residentes en España;Diciembre;7
Segovia;Total;Total;2,15
Segovia;Total;Enero;1,89
Segovia;Total;Febrero;1,82
Segovia;Total;Marzo;2,24
Segovia;Total;Abril;1,91
Segovia;Total;Mayo;2,02
Segovia;Total;Junio;2,2
Segovia;Total;Julio;2,61
Segovia;Total;Agosto;2,83
Segovia;Total;Septiembre;1,87
Segovia;Total;Octubre;1,91
Segovia;Total;Noviembre;2
Segovia;Total;Diciembre;2,42
Segovia;Residentes en España;Total;2,1
Segovia;Residentes en España;Enero;1,88
Segovia;Residentes en España;Febrero;1,78
Segovia;Residentes en España;Marzo;2,16
Segovia;Residentes en España;Abril;1,82
Segovia;Residentes en España;Mayo;1,93
Segovia;Residentes en España;Junio;2,07
Segovia;Residentes en España;Julio;2,51
Segovia;Residentes en España;Agosto;2,76
Segovia;Residentes en España;Septiembre;1,85
Segovia;Residentes en España;Octubre;1,92
Segovia;Residentes en España;Noviembre;2,01
Segovia;Residentes en España;Diciembre;2,41
Segovia;No Residentes en España;Total;2,98
Segovia;No Residentes en España;Enero;1,94
Segovia;No Residentes en España;Febrero;2,96
Segovia;No Residentes en España;Marzo;4,58
Segovia;No Residentes en España;Abril;3,67
Segovia;No Residentes en España;Mayo;3,11
Segovia;No Residentes en España;Junio;3,57
Segovia;No Residentes en España;Julio;4,17
Segovia;No Residentes en España;Agosto;3,73
Segovia;No Residentes en España;Septiembre;2,08
Segovia;No Residentes en España;Octubre;1,68
Segovia;No Residentes en España;Noviembre;1,56
Segovia;No Residentes en España;Diciembre;2,64
Sevilla;Total;Total;2,96
Sevilla;Total;Enero;2,54
Sevilla;Total;Febrero;2,36
Sevilla;Total;Marzo;2,75
Sevilla;Total;Abril;2,55
Sevilla;Total;Mayo;2,66
Sevilla;Total;Junio;2,51
Sevilla;Total;Julio;4,08
Sevilla;Total;Agosto;4,48
Sevilla;Total;Septiembre;2,82
Sevilla;Total;Octubre;2,45
Sevilla;Total;Noviembre;2,39
Sevilla;Total;Diciembre;2,71
Sevilla;Residentes en España;Total;2,66
Sevilla;Residentes en España;Enero;2,47
Sevilla;Residentes en España;Febrero;2,29
Sevilla;Residentes en España;Marzo;2,65
Sevilla;Residentes en España;Abril;2,38
Sevilla;Residentes en España;Mayo;2,07
Sevilla;Residentes en España;Junio;2,26
Sevilla;Residentes en España;Julio;3,43
Sevilla;Residentes en España;Agosto;3,88
Sevilla;Residentes en España;Septiembre;2,59
Sevilla;Residentes en España;Octubre;2,14
Sevilla;Residentes en España;Noviembre;2,19
Sevilla;Residentes en España;Diciembre;2,7
Sevilla;No Residentes en España;Total;5,05
Sevilla;No Residentes en España;Enero;6,35
Sevilla;No Residentes en España;Febrero;3,86
Sevilla;No Residentes en España;Marzo;3,53
Sevilla;No Residentes en España;Abril;3,02
Sevilla;No Residentes en España;Mayo;4,41
Sevilla;No Residentes en España;Junio;4,64
Sevilla;No Residentes en España;Julio;8,17
Sevilla;No Residentes en España;Agosto;7,58
Sevilla;No Residentes en España;Septiembre;4,2
Sevilla;No Residentes en España;Octubre;4,23
Sevilla;No Residentes en España;Noviembre;4,96
Sevilla;No Residentes en España;Diciembre;3,19
Soria;Total;Total;2,65
Soria;Total;Enero;2,57
Soria;Total;Febrero;2,41
Soria;Total;Marzo;2,74
Soria;Total;Abril;2,29
Soria;Total;Mayo;2,25
Soria;Total;Junio;2,33
Soria;Total;Julio;2,92
Soria;Total;Agosto;4
Soria;Total;Septiembre;2,56
Soria;Total;Octubre;2,16
Soria;Total;Noviembre;2,12
Soria;Total;Diciembre;2,59
Soria;Residentes en España;Total;2,74
Soria;Residentes en España;Enero;2,59
Soria;Residentes en España;Febrero;2,49
Soria;Residentes en España;Marzo;2,83
Soria;Residentes en España;Abril;2,37
Soria;Residentes en España;Mayo;2,32
Soria;Residentes en España;Junio;2,41
Soria;Residentes en España;Julio;3,01
Soria;Residentes en España;Agosto;4,18
Soria;Residentes en España;Septiembre;2,67
Soria;Residentes en España;Octubre;2,23
Soria;Residentes en España;Noviembre;2,14
Soria;Residentes en España;Diciembre;2,67
Soria;No Residentes en España;Total;1,69
Soria;No Residentes en España;Enero;2,08
Soria;No Residentes en España;Febrero;1,73
Soria;No Residentes en España;Marzo;1,49
Soria;No Residentes en España;Abril;1,62
Soria;No Residentes en España;Mayo;1,62
Soria;No Residentes en España;Junio;1,57
Soria;No Residentes en España;Julio;1,85
Soria;No Residentes en España;Agosto;1,93
Soria;No Residentes en España;Septiembre;1,78
Soria;No Residentes en España;Octubre;1,43
Soria;No Residentes en España;Noviembre;1,9
Soria;No Residentes en España;Diciembre;1,45
Tarragona;Total;Total;2,41
Tarragona;Total;Enero;2,03
Tarragona;Total;Febrero;2,26
Tarragona;Total;Marzo;2,31
Tarragona;Total;Abril;1,84
Tarragona;Total;Mayo;1,97
Tarragona;Total;Junio;1,95
Tarragona;Total;Julio;3,37
Tarragona;Total;Agosto;3,49
Tarragona;Total;Septiembre;2,14
Tarragona;Total;Octubre;2,37
Tarragona;Total;Noviembre;2,13
Tarragona;Total;Diciembre;2,14
Tarragona;Residentes en España;Total;2,14
Tarragona;Residentes en España;Enero;1,92
Tarragona;Residentes en España;Febrero;2,28
Tarragona;Residentes en España;Marzo;2,3
Tarragona;Residentes en España;Abril;1,73
Tarragona;Residentes en España;Mayo;1,9
Tarragona;Residentes en España;Junio;1,92
Tarragona;Residentes en España;Julio;2,75
Tarragona;Residentes en España;Agosto;2,89
Tarragona;Residentes en España;Septiembre;1,91
Tarragona;Residentes en España;Octubre;1,8
Tarragona;Residentes en España;Noviembre;1,77
Tarragona;Residentes en España;Diciembre;2,06
Tarragona;No Residentes en España;Total;4,3
Tarragona;No Residentes en España;Enero;2,84
Tarragona;No Residentes en España;Febrero;1,95
Tarragona;No Residentes en España;Marzo;2,49
Tarragona;No Residentes en España;Abril;2,71
Tarragona;No Residentes en España;Mayo;2,64
Tarragona;No Residentes en España;Junio;2,14
Tarragona;No Residentes en España;Julio;5,86
Tarragona;No Residentes en España;Agosto;5,17
Tarragona;No Residentes en España;Septiembre;3,75
Tarragona;No Residentes en España;Octubre;6,65
Tarragona;No Residentes en España;Noviembre;5,27
Tarragona;No Residentes en España;Diciembre;3,51
Teruel;Total;Total;2,5
Teruel;Total;Enero;2,4
Teruel;Total;Febrero;2,08
Teruel;Total;Marzo;2,57
Teruel;Total;Abril;2,2
Teruel;Total;Mayo;2,13
Teruel;Total;Junio;2,39
Teruel;Total;Julio;2,99
Teruel;Total;Agosto;2,88
Teruel;Total;Septiembre;2,13
Teruel;Total;Octubre;2,19
Teruel;Total;Noviembre;2,9
Teruel;Total;Diciembre;2,78
Teruel;Residentes en España;Total;2,43
Teruel;Residentes en España;Enero;2,38
Teruel;Residentes en España;Febrero;2,08
Teruel;Residentes en España;Marzo;2,49
Teruel;Residentes en España;Abril;2,21
Teruel;Residentes en España;Mayo;2,2
Teruel;Residentes en España;Junio;2,4
Teruel;Residentes en España;Julio;2,86
Teruel;Residentes en España;Agosto;2,78
Teruel;Residentes en España;Septiembre;2,06
Teruel;Residentes en España;Octubre;2,13
Teruel;Residentes en España;Noviembre;2,7
Teruel;Residentes en España;Diciembre;2,6
Teruel;No Residentes en España;Total;3,5
Teruel;No Residentes en España;Enero;3,13
Teruel;No Residentes en España;Febrero;2,12
Teruel;No Residentes en España;Marzo;4,28
Teruel;No Residentes en España;Abril;1,85
Teruel;No Residentes en España;Mayo;1,33
Teruel;No Residentes en España;Junio;2,25
Teruel;No Residentes en España;Julio;4,89
Teruel;No Residentes en España;Agosto;4
Teruel;No Residentes en España;Septiembre;2,83
Teruel;No Residentes en España;Octubre;3,23
Teruel;No Residentes en España;Noviembre;4,31
Teruel;No Residentes en España;Diciembre;5,79
Toledo;Total;Total;1,97
Toledo;Total;Enero;2,07
Toledo;Total;Febrero;1,83
Toledo;Total;Marzo;1,96
Toledo;Total;Abril;1,89
Toledo;Total;Mayo;1,77
Toledo;Total;Junio;1,87
Toledo;Total;Julio;2,06
Toledo;Total;Agosto;2,38
Toledo;Total;Septiembre;1,91
Toledo;Total;Octubre;1,82
Toledo;Total;Noviembre;1,96
Toledo;Total;Diciembre;2,1
Toledo;Residentes en España;Total;1,98
Toledo;Residentes en España;Enero;2,03
Toledo;Residentes en España;Febrero;1,82
Toledo;Residentes en España;Marzo;1,96
Toledo;Residentes en España;Abril;1,92
Toledo;Residentes en España;Mayo;1,77
Toledo;Residentes en España;Junio;1,89
Toledo;Residentes en España;Julio;2,06
Toledo;Residentes en España;Agosto;2,37
Toledo;Residentes en España;Septiembre;1,92
Toledo;Residentes en España;Octubre;1,82
Toledo;Residentes en España;Noviembre;1,96
Toledo;Residentes en España;Diciembre;2,11
Toledo;No Residentes en España;Total;1,9
Toledo;No Residentes en España;Enero;2,58
Toledo;No Residentes en España;Febrero;2,07
Toledo;No Residentes en España;Marzo;2,01
Toledo;No Residentes en España;Abril;1,58
Toledo;No Residentes en España;Mayo;1,8
Toledo;No Residentes en España;Junio;1,27
Toledo;No Residentes en España;Julio;2,03
Toledo;No Residentes en España;Agosto;2,47
Toledo;No Residentes en España;Septiembre;1,78
Toledo;No Residentes en España;Octubre;1,74
Toledo;No Residentes en España;Noviembre;1,94
Toledo;No Residentes en España;Diciembre;1,66
Valencia;Total;Total;2,24
Valencia;Total;Enero;1,78
Valencia;Total;Febrero;1,92
Valencia;Total;Marzo;2,01
Valencia;Total;Abril;1,97
Valencia;Total;Mayo;2,03
Valencia;Total;Junio;1,81
Valencia;Total;Julio;2,88
Valencia;Total;Agosto;2,97
Valencia;Total;Septiembre;2,14
Valencia;Total;Octubre;1,99
Valencia;Total;Noviembre;2,39
Valencia;Total;Diciembre;2,54
Valencia;Residentes en España;Total;2,1
Valencia;Residentes en España;Enero;1,58
Valencia;Residentes en España;Febrero;1,83
Valencia;Residentes en España;Marzo;1,96
Valencia;Residentes en España;Abril;1,88
Valencia;Residentes en España;Mayo;1,99
Valencia;Residentes en España;Junio;1,85
Valencia;Residentes en España;Julio;2,79
Valencia;Residentes en España;Agosto;2,68
Valencia;Residentes en España;Septiembre;2,13
Valencia;Residentes en España;Octubre;1,79
Valencia;Residentes en España;Noviembre;2,11
Valencia;Residentes en España;Diciembre;2,24
Valencia;No Residentes en España;Total;3,2
Valencia;No Residentes en España;Enero;3,24
Valencia;No Residentes en España;Febrero;3,34
Valencia;No Residentes en España;Marzo;2,42
Valencia;No Residentes en España;Abril;2,8
Valencia;No Residentes en España;Mayo;2,3
Valencia;No Residentes en España;Junio;1,43
Valencia;No Residentes en España;Julio;3,21
Valencia;No Residentes en España;Agosto;4,16
Valencia;No Residentes en España;Septiembre;2,2
Valencia;No Residentes en España;Octubre;3,48
Valencia;No Residentes en España;Noviembre;4,07
Valencia;No Residentes en España;Diciembre;4,86
Valladolid;Total;Total;2,03
Valladolid;Total;Enero;2,36
Valladolid;Total;Febrero;1,8
Valladolid;Total;Marzo;2,03
Valladolid;Total;Abril;1,87
Valladolid;Total;Mayo;1,91
Valladolid;Total;Junio;1,85
Valladolid;Total;Julio;2,27
Valladolid;Total;Agosto;2,21
Valladolid;Total;Septiembre;1,95
Valladolid;Total;Octubre;1,93
Valladolid;Total;Noviembre;1,89
Valladolid;Total;Diciembre;2,22
Valladolid;Residentes en España;Total;2,03
Valladolid;Residentes en España;Enero;2,03
Valladolid;Residentes en España;Febrero;1,83
Valladolid;Residentes en España;Marzo;1,92
Valladolid;Residentes en España;Abril;1,9
Valladolid;Residentes en España;Mayo;1,95
Valladolid;Residentes en España;Junio;1,87
Valladolid;Residentes en España;Julio;2,3
Valladolid;Residentes en España;Agosto;2,29
Valladolid;Residentes en España;Septiembre;1,98
Valladolid;Residentes en España;Octubre;1,9
Valladolid;Residentes en España;Noviembre;1,9
Valladolid;Residentes en España;Diciembre;2,26
Valladolid;No Residentes en España;Total;2
Valladolid;No Residentes en España;Enero;6,42
Valladolid;No Residentes en España;Febrero;1,37
Valladolid;No Residentes en España;Marzo;3,16
Valladolid;No Residentes en España;Abril;1,68
Valladolid;No Residentes en España;Mayo;1,51
Valladolid;No Residentes en España;Junio;1,64
Valladolid;No Residentes en España;Julio;2,11
Valladolid;No Residentes en España;Agosto;1,78
Valladolid;No Residentes en España;Septiembre;1,74
Valladolid;No Residentes en España;Octubre;2,29
Valladolid;No Residentes en España;Noviembre;1,7
Valladolid;No Residentes en España;Diciembre;1,32
Zamora;Total;Total;1,94
Zamora;Total;Enero;2,31
Zamora;Total;Febrero;1,78
Zamora;Total;Marzo;2,19
Zamora;Total;Abril;1,97
Zamora;Total;Mayo;1,6
Zamora;Total;Junio;1,66
Zamora;Total;Julio;2,04
Zamora;Total;Agosto;2,29
Zamora;Total;Septiembre;2,04
Zamora;Total;Octubre;1,61
Zamora;Total;Noviembre;1,73
Zamora;Total;Diciembre;1,81
Zamora;Residentes en España;Total;1,89
Zamora;Residentes en España;Enero;2,22
Zamora;Residentes en España;Febrero;1,76
Zamora;Residentes en España;Marzo;2,03
Zamora;Residentes en España;Abril;2,04
Zamora;Residentes en España;Mayo;1,65
Zamora;Residentes en España;Junio;1,66
Zamora;Residentes en España;Julio;2
Zamora;Residentes en España;Agosto;2,2
Zamora;Residentes en España;Septiembre;1,9
Zamora;Residentes en España;Octubre;1,62
Zamora;Residentes en España;Noviembre;1,61
Zamora;Residentes en España;Diciembre;1,82
Zamora;No Residentes en España;Total;2,39
Zamora;No Residentes en España;Enero;3,88
Zamora;No Residentes en España;Febrero;2,15
Zamora;No Residentes en España;Marzo;5
Zamora;No Residentes en España;Abril;1,26
Zamora;No Residentes en España;Mayo;1,4
Zamora;No Residentes en España;Junio;1,68
Zamora;No Residentes en España;Julio;2,39
Zamora;No Residentes en España;Agosto;3,12
Zamora;No Residentes en España;Septiembre;2,82
Zamora;No Residentes en España;Octubre;1,41
Zamora;No Residentes en España;Noviembre;2,75
Zamora;No Residentes en España;Diciembre;1,66
Zaragoza;Total;Total;2,29
Zaragoza;Total;Enero;2,84
Zaragoza;Total;Febrero;2,57
Zaragoza;Total;Marzo;2,48
Zaragoza;Total;Abril;2,27
Zaragoza;Total;Mayo;2,14
Zaragoza;Total;Junio;2,21
Zaragoza;Total;Julio;2,29
Zaragoza;Total;Agosto;2,32
Zaragoza;Total;Septiembre;1,97
Zaragoza;Total;Octubre;2,09
Zaragoza;Total;Noviembre;2,42
Zaragoza;Total;Diciembre;2,38
Zaragoza;Residentes en España;Total;2,24
Zaragoza;Residentes en España;Enero;2,81
Zaragoza;Residentes en España;Febrero;2,55
Zaragoza;Residentes en España;Marzo;2,41
Zaragoza;Residentes en España;Abril;2,19
Zaragoza;Residentes en España;Mayo;2,03
Zaragoza;Residentes en España;Junio;2,15
Zaragoza;Residentes en España;Julio;2,15
Zaragoza;Residentes en España;Agosto;2,35
Zaragoza;Residentes en España;Septiembre;2,02
Zaragoza;Residentes en España;Octubre;2,04
Zaragoza;Residentes en España;Noviembre;2,28
Zaragoza;Residentes en España;Diciembre;2,31
Zaragoza;No Residentes en España;Total;2,65
Zaragoza;No Residentes en España;Enero;3,22
Zaragoza;No Residentes en España;Febrero;2,73
Zaragoza;No Residentes en España;Marzo;3,5
Zaragoza;No Residentes en España;Abril;2,78
Zaragoza;No Residentes en España;Mayo;2,72
Zaragoza;No Residentes en España;Junio;2,68
Zaragoza;No Residentes en España;Julio;3,11
Zaragoza;No Residentes en España;Agosto;2,16
Zaragoza;No Residentes en España;Septiembre;1,77
Zaragoza;No Residentes en España;Octubre;2,65
Zaragoza;No Residentes en España;Noviembre;4,17
Zaragoza;No Residentes en España;Diciembre;4,03
