Nº de inscripción;Categoría;Nombre;Especialidad: ;Régimen: ;Provincia;Municipio;CP;Dirección;Correo electrónico;Sitio web;Teléfono;Nº plazas totales;Fecha alta;Periodo
CV-ARU000504-V;UNA ESTRELLA;CASA RURAL 'LA GUAPETA';CASA DE PUEBLO;NO COMPARTIDA;VALENCIA/VALÈNCIA;ADEMUZ;46140;C Boticario 259;lozanolozanocarlos@gmail.com;https://casa-la-guapeta.business.site;686 46 44 78;4;06/10/2017;[Anual]
CV-ARU000578-V;UNA ESTRELLA;CASA DEL CABALLO;CASA DE PUEBLO;NO COMPARTIDA;VALENCIA/VALÈNCIA;CASAS ALTAS;46147;C BARRACA 31;rtortajada@sun1.es;http://casadelcaballo.com;619858093;4;10/11/2021;[Anual]
CV-ARU000625-V;UNA ESTRELLA;LA CASA DEL HIJO DEL ZAHORI;CASA DE PUEBLO;NO COMPARTIDA;VALENCIA/VALÈNCIA;VENTA DEL MORO;46310;CALLE MANZANA 12;zapakalahari@hotmail.com;www. elhijodelzahori.com;689599506;5;01/02/2024;[Anual]
CV-ARU000622-V;UNA ESTRELLA;EL GARAJE;CASA DE PUEBLO;NO COMPARTIDA;VALENCIA/VALÈNCIA;ALCUBLAS;46172;CALLE VÍCTOR ALBALAT 38;encarnaalcaide@telefonica.net;www.atmospheras.com;609771972;6;30/10/2023;[Anual]
CV-ARU000577-V;UNA ESTRELLA;VILLA TAMARIT;CASA DE PUEBLO;NO COMPARTIDA;VALENCIA/VALÈNCIA;PEDRALBA;46164;C LLIRIA 54 A;info@alohaturia.es;http://www.alohaturia.net/es/villa-tamarit;628697984;12;05/11/2021;[Anual]
CV-ARU000492-V;UNA ESTRELLA;LA CASA DEL FORN;CASA DE PUEBLO;NO COMPARTIDA;VALENCIA/VALÈNCIA;OLOCAU;46169;C AVE MARIA 3;;http://WWW.LACASADELFORN.ES;686708741;10;16/02/2017;[Anual]
CV-ARU000310-V;UNA ESTRELLA;LA CASICA DEL SOL;CASA DE PUEBLO;NO COMPARTIDA;VALENCIA/VALÈNCIA;REQUENA;46390;C Toledo 19;jangelns@hotmail.com;https://www.casasrurales.net/casas-rurales/la-casica-del-sol--c5856;696 84 69 94;12;28/02/2007;[Anual]
CV-ARU000612-V;UNA ESTRELLA; ROA;CASA DE PUEBLO;COMPARTIDA;VALENCIA/VALÈNCIA;CASINOS;46171;CL SAN MIGUEL Nº 63 ;DANIMURGUIM2672000@GMAIL.COM;;636047081;9;26/07/2023;[Anual]
CV-ARU000516-V;UNA ESTRELLA;CASA GAZANIA;CASA DE PUEBLO;COMPARTIDA;VALENCIA/VALÈNCIA;PALMA DE GANDÍA;46724;C SAN MIGUEL 23;;;962808398;6;30/05/2018;[Anual]
CV-ARU000639-V;UNA ESTRELLA;LAS ANAS RURAL;CASA DE PUEBLO;COMPARTIDA;VALENCIA/VALÈNCIA;CORTES DE PALLÁS;46199;ARRIBA 7;lasanasrural@outlook.com;;606750800;11;01/12/2024;[Anual]
CV-ARU000616-V;UNA ESTRELLA;MASIA EL PINO;MASÍA;NO COMPARTIDA;VALENCIA/VALÈNCIA;MACASTRE;46368;POLIGONO 7 PARCELA 270  PARAJE DE CUERNA;nomarsiglo21@gmail.com;;634531927;16;26/07/2023;[Anual]
CV-ARU000518-V;UNA ESTRELLA;TIA TOMASA;;NO COMPARTIDA;VALENCIA/VALÈNCIA;ALPUENTE;46178;C LA CUERVARRUZ 15;arturoroch@gmail.com;;657805788;13;18/05/2018;[Anual]
CV-ARU000549-V;UNA ESTRELLA;EL RINCON DE LOS FRAILES;;NO COMPARTIDA;VALENCIA/VALÈNCIA;ALPUENTE;46178;C ALDEA DE LA ALMEZA 107;paniselo@paniselo.com;;605257679;12;19/02/2020;[Anual]
CV-ARU000550-V;UNA ESTRELLA;CASA DE BALDOVAR;;NO COMPARTIDA;VALENCIA/VALÈNCIA;ALPUENTE;46178;C BALDOVAR 160;rustikalpuente@gmail.com;;696005984;4;27/02/2020;[Anual]
CV-ARU000551-V;UNA ESTRELLA;ESCUELAS DE NIÑAS ARCHIVO;;NO COMPARTIDA;VALENCIA/VALÈNCIA;ALPUENTE;46178;C ESCUELAS 3;rustikalpuebte@gmail.com;;696005984;6;27/02/2020;[Anual]
CV-ARU000486-V;UNA ESTRELLA;ROMARI;;NO COMPARTIDA;VALENCIA/VALÈNCIA;CASTIELFABIB;46144;C LA ROCHA 11;info@casaruralromari.com;http://www. casaruralromari.com;;10;10/08/2016;[Anual]
CV-ARU000544-V;UNA ESTRELLA;CASA EVARISTO;;NO COMPARTIDA;VALENCIA/VALÈNCIA;CASTIELFABIB;46141;C TORREJON 7;casaevaristo@gmail.com;;699717002;5;10/09/2019;[Anual]
CV-ARU000554-V;UNA ESTRELLA;EL HORNO;;NO COMPARTIDA;VALENCIA/VALÈNCIA;CASTIELFABIB;46142;C IGLESIA-SANTOS 16;casarural_elhorno@hotmail.com;;686298818;12;08/07/2020;[Anual]
CV-ARU000482-V;UNA ESTRELLA;EL PATIO;;NO COMPARTIDA;VALENCIA/VALÈNCIA;NAVARRÉS;46823;C SAN JOSE 10;miguelaraezrey@gmail.com;http://www.casaruralelpatio.es;687850412;10;26/05/2016;[Anual]
CV-ARU000653-V;UNA ESTRELLA;LA CAMPANILLA;;NO COMPARTIDA;VALENCIA/VALÈNCIA;UTIEL;46313;PZCL DE LAS BARRACAS NUM 30.- ALDEA CUEVAS DE UTIEL;raquelitapunto@gmail.com;;635108890;3;22/07/2025;[Anual]
CV-ARU000527-V;UNA ESTRELLA;LA ANTIGUA;;NO COMPARTIDA;VALENCIA/VALÈNCIA;CHELVA;46176;C BOLEA 34;medinajj@hotmail.es;;963003608;6;24/11/2018;[Anual]
CV-ARU000489-V;UNA ESTRELLA;CASA CALISTRO;;NO COMPARTIDA;VALENCIA/VALÈNCIA;CHELVA;46176;C ARRABAL 12;;;962100086;6;26/01/2017;[Anual]
CV-ARU000517-V;UNA ESTRELLA;LOS PUENTES;;NO COMPARTIDA;VALENCIA/VALÈNCIA;CHULILLA;46167;C TURIA 74;teresaperis7@gmail.com;www.lospuentescasarural.com;667100550;8;31/05/2018;[Anual]
CV-ARU000530-V;UNA ESTRELLA;CASICA TIA CARMEN;;NO COMPARTIDA;VALENCIA/VALÈNCIA;CHULILLA;46167;C VENERABLE JOSE CERVERA 18;aamartinezgi@gmail.com;;626705758;3;10/01/2019;[Anual]
CV-ARU000529-V;UNA ESTRELLA;MADELI;;NO COMPARTIDA;VALENCIA/VALÈNCIA;CHULILLA;46167;C SANTO TOMAS 22;lacasademaria22@hotmail.com;;;7;04/12/2018;[Anual]
CV-ARU000531-V;UNA ESTRELLA;CASA DEL ARTE;;NO COMPARTIDA;VALENCIA/VALÈNCIA;CHULILLA;46167;C BUENAVISTA 17;khelit@gmx.at;;;6;28/01/2019;[Anual]
CV-ARU000526-V;UNA ESTRELLA;VALLE DEL TURIA;;NO COMPARTIDA;VALENCIA/VALÈNCIA;CHULILLA;46167;C SAN JOSE, 2 2;jgandia@coev.com;;619113627;6;23/11/2018;[Anual]
CV-ARU000583-V;UNA ESTRELLA;LOS ANGELES;;NO COMPARTIDA;VALENCIA/VALÈNCIA;CHULILLA;46160;C MAYOR 20;gcavalazaro@gmail.com;;606399783;5;21/01/2022;[Anual]
CV-ARU000559-V;UNA ESTRELLA;LA CAMBRETA;;NO COMPARTIDA;VALENCIA/VALÈNCIA;CHULILLA;46167;C MAESTRO AMBLAR 11;info@lamuelarural.com;http://www.lamuelarural.com;666871529;2;23/09/2020;[Anual]
CV-ARU000568-V;UNA ESTRELLA;CASA EL CIELO;;NO COMPARTIDA;VALENCIA/VALÈNCIA;CHULILLA;46167;C DEL CASTILLO 22;wallesbolhuis@gmail.com;http://www.elcielochulilla.com;;5;03/06/2021;[Anual]
CV-ARU000523-V;UNA ESTRELLA;VILLA GRIETAS;;NO COMPARTIDA;VALENCIA/VALÈNCIA;PEDRALBA;46164;C CASINOS 30;valencialodging@gmail.com;;651934212;6;04/09/2018;[Anual]
CV-ARU000602-V;UNA ESTRELLA;LA CASICA;;NO COMPARTIDA;VALENCIA/VALÈNCIA;PEDRALBA;46164;C ROCHETA 1;info@alohaturia.es;http://www.alohaturia.net/es/la-casica;628697984;5;16/05/2023;[Anual]
CV-ARU000500-V;UNA ESTRELLA;EL CLAVELL;;NO COMPARTIDA;VALENCIA/VALÈNCIA;CORBERA;46612;PO 14, PARCELA 537 S/N;ana@casaruralelclavell.com;http://casaruralelclavell.com;685 053 171;6;07/07/2017;[Anual]
CV-ARU000655-V;UNA ESTRELLA;Retreat Gatova- Luxury & Nature;;NO COMPARTIDA;VALENCIA/VALÈNCIA;MARINES;46169;CLCALLE IRANZO 10 ;info@alohaturia.es;www.alohaturia.es;628697984;5;31/07/2025;[Anual]
CV-ARU000652-V;UNA ESTRELLA;CASA RURAL BOTIGUETA 25;;NO COMPARTIDA;VALENCIA/VALÈNCIA;NÀQUERA/NÁQUERA;46119;CLCALLE MOSEN FRANCISCO CABO.25;RESERVAS@BOTIGUETA25.COM;WWW.BOTIGUETA25.COM;610512549;4;01/07/2025;[Anual]
CV-ARU000538-V;UNA ESTRELLA;CASA BLANCA;;NO COMPARTIDA;VALENCIA/VALÈNCIA;ALGÍMIA D'ALFARA;46148;C TOMAS NAVARRO 6;jeslolo@hotmail.com;;652887574;7;21/06/2019;[Anual]
CV-ARU000537-V;UNA ESTRELLA;ROSITA;;NO COMPARTIDA;VALENCIA/VALÈNCIA;ESTIVELLA;46590;C DEL LLEDONER 3;francpovedano@gmail.com;;610092168;6;13/06/2019;[Anual]
CV-ARU000494-V;UNA ESTRELLA;LA TRAMONTANA;;NO COMPARTIDA;VALENCIA/VALÈNCIA;ESTIVELLA;46590;PL XERONI MONSORIU 15;leobubla@gmail.com;;699016633;6;24/02/2017;[Anual]
CV-ARU000487-V;UNA ESTRELLA;CASA FRANCISCA;;NO COMPARTIDA;VALENCIA/VALÈNCIA;REQUENA;46340;C Casares 7;contacto@casaruralrequena.com;http://www.casaruralrequena.com;619 14 01 54;4;07/11/2016;[Anual]
CV-ARU000555-V;UNA ESTRELLA;EL MAJUELO;;NO COMPARTIDA;VALENCIA/VALÈNCIA;REQUENA;46357;C MAYOR 12;encar.hamar@gmail.com;;635448467;12;09/07/2020;[Anual]
CV-ARU000564-V;UNA ESTRELLA;VILLA SERRANO;;NO COMPARTIDA;VALENCIA/VALÈNCIA;REQUENA;46355;C VALENCIA 16;hola@villaserrano.es;http://www.villaserrano.es;616596994;8;19/11/2020;[Anual]
CV-ARU000541-V;UNA ESTRELLA;CASA ROCIO;;NO COMPARTIDA;VALENCIA/VALÈNCIA;REQUENA;46340;C Fortaleza 10;contacto@casarociorequena.com;https://www.casasrurales.net;661 19 43 03;14;06/09/2019;[Anual]
CV-ARU000536-V;UNA ESTRELLA;CA LA MOTRILLA;;NO COMPARTIDA;VALENCIA/VALÈNCIA;BUÑOL;46360;C CANDILEJO 1;info@ca_lamotrilla.com;;645421348;5;13/06/2019;[Anual]
CV-ARU000562-V;UNA ESTRELLA;CASA MARTINA;;NO COMPARTIDA;VALENCIA/VALÈNCIA;SIETE AGUAS;46392;C RICARDO SERRANO 9;casamartina.rural@gmail.com;;699071533;8;19/11/2020;[Anual]
CV-ARU000542-V;UNA ESTRELLA;MONEGRE;;NO COMPARTIDA;VALENCIA/VALÈNCIA;JALANCE;46624;C MARIANO BENLLIURE 6;amparocollaico@gmail.com;;600076116;6;10/09/2019;[Anual]
CV-ARU000618-V;UNA ESTRELLA;LA CASETA DE ROTOVA;;NO COMPARTIDA;VALENCIA/VALÈNCIA;RÒTOVA;46725;CTRA DE ALBAIDA Nº 100 (CV-6090);joansafor@gmail.com;;679494737;6;21/07/2023;[Anual]
CV-ARU000543-V;UNA ESTRELLA;LA ERMITA;;NO COMPARTIDA;VALENCIA/VALÈNCIA;ANNA;46820;C SAN ISIDRO 4;alexmucarmy@gmail.com;http://www.casaruralermita.com;690982136;6;16/09/2019;[Anual]
CV-ARU000617-V;UNA ESTRELLA;VILLA VILOSA;;NO COMPARTIDA;VALENCIA/VALÈNCIA;ANNA;46820;PARTIDA DEL CHARRAL, POLIGONO 23 - PARCELA 7;villavilosa@hotmail.com;;617564681;6;19/09/2023;[Anual]
CV-ARU000470-V;UNA ESTRELLA;CAZUMA;;NO COMPARTIDA;VALENCIA/VALÈNCIA;BICORP;46825;C CAZUMA 12;sssaramarti@hotmail.com;;644441011;16;18/06/2015;[Anual]
CV-ARU000465-V;UNA ESTRELLA;CASA DE LOS MAESTROS;;NO COMPARTIDA;VALENCIA/VALÈNCIA;BICORP;46825;C MAESTRO SERRANO 1;ruralbicorp@gmail.com;http://ruralbicorp.es;654 507 242;4;27/05/2015;[Anual]
CV-ARU000421-V;UNA ESTRELLA;CAÑADA DEL FLACO 2;;NO COMPARTIDA;VALENCIA/VALÈNCIA;CHELLA;46821;PD CAÑADA DEL FLACO S/N;;;616875994;5;12/03/2012;[Anual]
CV-ARU000599-V;UNA ESTRELLA;EL CALDERON;;NO COMPARTIDA;VALENCIA/VALÈNCIA;CHELLA;46821;PD CALDERON S/N;casaruralelcalderon@gmail.com;;665602802;8;12/04/2023;[Anual]
CV-ARU000579-V;UNA ESTRELLA;CAÑADA DEL FLACO 1;;NO COMPARTIDA;VALENCIA/VALÈNCIA;CHELLA;46821;PD CAÑADA DEL FLACO S/N;gabihermoso22@gmai.com;;722573308;5;26/11/2021;[Anual]
CV-ARU000580-V;UNA ESTRELLA;CAÑADA DEL FLACO 3;;NO COMPARTIDA;VALENCIA/VALÈNCIA;CHELLA;46810;PD CAÑADA DEL FLACO S/N;gabihermoso22@gmail.com;;722573308;7;26/11/2021;[Anual]
CV-ARU000581-V;UNA ESTRELLA;CAÑADA DEL FLACO 4;;NO COMPARTIDA;VALENCIA/VALÈNCIA;CHELLA;46821;PD CAÑADA DEL FLACO S/N;gabihermoso22@gmail.com;;722573308;11;26/11/2021;[Anual]
CV-ARU000596-V;UNA ESTRELLA;CASA LA SABINA;;NO COMPARTIDA;VALENCIA/VALÈNCIA;MONTESA;46692;C SAN MIQUEL 8;rurallasabina@gmail.com;;687804469;2;28/02/2023;[Anual]
CV-ARU000575-V;UNA ESTRELLA;CA TERESINA;;NO COMPARTIDA;VALENCIA/VALÈNCIA;MONTESA;46692;C PUJADA AL CASTELL 4;bertiblac@gmail.com;;609980700;6;19/08/2021;[Anual]
CV-ARU000569-V;UNA ESTRELLA;CASA BAUTISTA;;NO COMPARTIDA;VALENCIA/VALÈNCIA;ROTGLÀ I CORBERÀ;46816;CR MADRID 36;fruitnatur@fruitnatur.es;;960117025;10;14/06/2021;[Anual]
CV-ARU000503-V;UNA ESTRELLA;MONMOSSEN BOCAIRENT;;NO COMPARTIDA;VALENCIA/VALÈNCIA;BOCAIRENT;46880;C MOSSEN HILARI 36;monmossen@yahoo.es;http://www.monmossen.com;654113225;4;10/08/2017;[Anual]
CV-ARU000604-V;UNA ESTRELLA;HORT DE ROSELL;;NO COMPARTIDA;VALENCIA/VALÈNCIA;ALZIRA;46600; PARAJE PLA DE LA MURTA POL 55 PARC 170 S/N;pilarsanjuan@gmail.com;;646444879;7;07/06/2023;[Anual]
CV-ARU000566-V;UNA ESTRELLA;CARRICOLA;;NO COMPARTIDA;VALENCIA/VALÈNCIA;CARRÍCOLA;46869;C de baix 5;info@casaruralcarricola.com;https://www.casaruralcarricola.com;+34 607 569 886;12;18/12/2020;[Anual]
CV-ARU000493-V;UNA ESTRELLA;CASA DEL MEDICO;;COMPARTIDA;VALENCIA/VALÈNCIA;CASTIELFABIB;46141;C BARRIOSO 8;adl@castielfabib.es;http://www.castielfabib.es;978783100;8;23/02/2017;[Anual]
CV-ARU000556-V;UNA ESTRELLA;EL GORGO;;COMPARTIDA;VALENCIA/VALÈNCIA;GÁTOVA;46169;C ERAS 5;casaruralelgorgo@outlook.es;;661238655;2;20/07/2020;[Anual]
CV-ARU000528-V;UNA ESTRELLA;LOS ANGELES DEL ROMERO;;COMPARTIDA;VALENCIA/VALÈNCIA;GÁTOVA;46169;C PRACTICANTE VICENTE SANCHEZ SIERRA 12;rafamartinez@icav.es;http://www.losangelesdelromero.es;678424045;5;23/11/2018;[Anual]
CV-ARU000525-V;UNA ESTRELLA;EL CASTILLO;;COMPARTIDA;VALENCIA/VALÈNCIA;CHULILLA;46167;C JULIOLA 10;verobronchu@gmail.com;;600331856;2;23/11/2018;[Anual]
CV-ARU000533-V;UNA ESTRELLA;LA CASA ROJA;;COMPARTIDA;VALENCIA/VALÈNCIA;PEDRALBA;46164;C COLON 53;valencialodging@gmail.com;;651934212;7;05/02/2019;[Anual]
CV-ARU000590-V;UNA ESTRELLA;CASA BIENVENIDA;;COMPARTIDA;VALENCIA/VALÈNCIA;CARCAIXENT;46740;C AMALIA BOSARTE 18;bienvenidacasa@gmail.com;http://www.casa-rural-bienvenida.com;601986493;12;28/06/2022;[Anual]
CV-ARU000490-V;UNA ESTRELLA;CASA BUSEO;;COMPARTIDA;VALENCIA/VALÈNCIA;CHERA;46350;C LA FUENTE 4;laviorjo@hotmail.com;;660558152;11;07/02/2017;[Anual]
CV-ARU000522-V;UNA ESTRELLA;CA LA UELA;;COMPARTIDA;VALENCIA/VALÈNCIA;XERESA;46790;C DOCTOR MIGUEL VIVO 8;manolo-bon@hotmail.com;;609645846;10;26/07/2018;[Anual]
CV-ARU000540-V;UNA ESTRELLA;MILLOR VISTA;;COMPARTIDA;VALENCIA/VALÈNCIA;XÀTIVA;46800;C MENOR CUESTA 39;;;677875638;10;29/08/2019;[Anual]
CV-ARU000552-V;UNA ESTRELLA;FORTRESS SUITES;;COMPARTIDA;VALENCIA/VALÈNCIA;XÀTIVA;46800;C SANT JOSEP 74;fortress.suites@gmai..com;;669222022;10;09/03/2020;[Anual]
CV-ARU000603-V;UNA ESTRELLA;LA ESENCIA;;COMPARTIDA;VALENCIA/VALÈNCIA;VALLADA;46691;PO 20  PARCELA  (EL CAMPELLO) 15;;;649103520;8;05/06/2023;[Anual]
CV-ARU000607-V;UNA ESTRELLA;VILLA CARMEN;;COMPARTIDA;VALENCIA/VALÈNCIA;BOCAIRENT;46880;PARAJE DE LA HUERTA POLIGONO 22 PARCELA 190;villacarmenbocairent@gmail.com;www.villacarmenbocairent.com;650202156;14;21/06/2023;[Anual]
CV-ARU000574-V;UNA ESTRELLA;LA FABRIQUETA DE CENT PIQUES;;COMPARTIDA;VALENCIA/VALÈNCIA;FONTANARS DELS ALFORINS;46635;PL ALQUERIA DEL ALBERS 11;info@vinados.es;;687436980;8;27/07/2021;[Anual]
CV-ARU000605-V;UNA ESTRELLA;KONRA;;COMPARTIDA;VALENCIA/VALÈNCIA;VILLAR DEL ARZOBISPO;46170;C SOLANAS 1;mcsarrion@gmail.com;;606202717;5;12/06/2023;[Anual]
CV-ARU000320-V;DOS ESTRELLAS;CASA DEL PASTOR;CASA DE PUEBLO;NO COMPARTIDA;VALENCIA/VALÈNCIA;ADEMUZ;46140;C Vallado 74;alexgarcia321@gmail.com;;627746084;2;31/07/2007;[Anual]
CV-ARU000561-V;DOS ESTRELLAS;LA CRIBA;CASA DE PUEBLO;NO COMPARTIDA;VALENCIA/VALÈNCIA;ADEMUZ;46140;C EMPEDRADO 25;lacribacasarural@gmail.com;http://casarurallacriba.es;665677184;6;15/10/2020;[Anual]
CV-ARU000654-V;DOS ESTRELLAS;CASA JAR;CASA DE PUEBLO;NO COMPARTIDA;VALENCIA/VALÈNCIA;JARAFUEL;46623;CALLE AYORA 8;raul@rlc.es;WWW.CASAJAR.ES;607973435;10;01/08/2025;[Verano][Fin Semana][Semana Santa]
CV-ARU000317-V;DOS ESTRELLAS;ABUELINA;CASA DE PUEBLO;NO COMPARTIDA;VALENCIA/VALÈNCIA;TITAGUAS;46178;C BLANQUEADOR 3;informacion@titastur.com;http://titastur.com;657397333;15;25/06/2007;[Anual]
CV-ARU000364-V;DOS ESTRELLAS;CELSA;CASA DE PUEBLO;NO COMPARTIDA;VALENCIA/VALÈNCIA;ARAS DE LOS OLMOS;46179;PL PLACETA 2;;;962102054;5;12/12/2008;[Anual]
CV-ARU000435-V;DOS ESTRELLAS;LA CANDELA DE LA MURTERA;CASA DE PUEBLO;NO COMPARTIDA;VALENCIA/VALÈNCIA;CHELVA;46176;C MURTERA 21;info@casalamurtera.es;http://www.casalamurtera.es;609877530;8;17/01/2013;[Anual]
CV-ARU000378-V;DOS ESTRELLAS;LA CASA DELS SENDERS;CASA DE PUEBLO;NO COMPARTIDA;VALENCIA/VALÈNCIA;MARINES;46169;C SANTISSIM CRIST 6;info@grupodsm.com;;;4;29/06/2009;[Anual]
CV-ARU000456-V;DOS ESTRELLAS;LA CALDERONA;CASA DE PUEBLO;NO COMPARTIDA;VALENCIA/VALÈNCIA;OLOCAU;46169;C Les Eres 42;villadeolocau@olocau.es;http://olocau.es/val/municipio/turismo/casa-rural-la-calderona/?lang=es;672794404;3;27/06/2014;[Anual]
CV-ARU000495-V;DOS ESTRELLAS;LA PARRA 1923;CASA DE PUEBLO;NO COMPARTIDA;VALENCIA/VALÈNCIA;REQUENA;46357;C REAL DEL PONTON 48 BAJO;reservas@laparra1923.com;http://www.laparra1923.com;618996659;16;24/03/2017;[Anual]
CV-ARU000440-V;DOS ESTRELLAS;CASA LUCIA;CASA DE PUEBLO;NO COMPARTIDA;VALENCIA/VALÈNCIA;REQUENA;46340;C Santa María 33;contacto@casaluciarequena.com;https://www.casaluciarequena.com;606 93 64 95;10;20/02/2013;[Anual]
CV-ARU000638-V;DOS ESTRELLAS;ENTREBODEGAS;CASA DE PUEBLO;NO COMPARTIDA;VALENCIA/VALÈNCIA;VILLARGORDO DEL CABRIEL;46317;BODEGAS 40;entrebodegas2024@gmail.com;https://entrebodegas.net/;623237443;8;30/10/2024;[Anual]
CV-ARU000650-V;DOS ESTRELLAS;CASA VALENCIA 19;CASA DE PUEBLO;NO COMPARTIDA;VALENCIA/VALÈNCIA;VILLARGORDO DEL CABRIEL;46317;CALLE VALENCIA Nº 19;sarochitrade@gmail.com;www.sarochitrade.es;651853816;2;21/02/2025;[Anual]
CV-ARU000651-V;DOS ESTRELLAS;CASA ESCALONES 5;CASA DE PUEBLO;NO COMPARTIDA;VALENCIA/VALÈNCIA;VILLARGORDO DEL CABRIEL;46317;CALLE ESCALONES Nº 5;sarochitrade@gmail.com;www.sarochitrade.es;651853816;2;21/02/2025;[Anual]
CV-ARU000619-V;DOS ESTRELLAS;LOS PASTORES AYORA;CASA DE PUEBLO;NO COMPARTIDA;VALENCIA/VALÈNCIA;AYORA;46620;PARTIDA CASA DE MADRONA 10;AVANTAYORA@GMAIL.COM;www.avantayora.com;604469789;15;05/10/2023;[Anual]
CV-ARU000412-V;DOS ESTRELLAS;FRIGOLS;CASA DE PUEBLO;NO COMPARTIDA;VALENCIA/VALÈNCIA;CHELLA;46821;C NUEVA 36;;http://www.chellarural.com;666520170;16;12/07/2011;[Anual]
CV-ARU000614-V;DOS ESTRELLAS; SARSALET;CASA DE PUEBLO;NO COMPARTIDA;VALENCIA/VALÈNCIA;CHELLA;46821;CALLE IGLESIA VIEJA 5;CRIBELLES84@GMAIL.COM;WWW.ASOMATEALACANAL.COM;615093393;8;21/09/2023;[Anual]
CV-ARU000292-V;DOS ESTRELLAS;EL LAVADERO;CASA DE PUEBLO;NO COMPARTIDA;VALENCIA/VALÈNCIA;ENGUERA;46811;C CURA RAMÓN LLUCH 1;;;963528311;8;25/05/2006;[Anual]
CV-ARU000391-V;DOS ESTRELLAS;CASA GIMENO;CASA DE PUEBLO;NO COMPARTIDA;VALENCIA/VALÈNCIA;BOCAIRENT;46880;C SANT JOAN 28;jorge@casagimeno.net;;651552373;6;10/06/2010;[Anual]
CV-ARU000479-V;DOS ESTRELLAS;MAJICO;CASA DE PUEBLO;NO COMPARTIDA;VALENCIA/VALÈNCIA;PUEBLA DE SAN MIGUEL;46140;C  Cartón 17 y C Don Carlos 7;reservas@casaruralmajico.com;http://www.casaruralmajico.com;630520822;7;07/04/2016;[Anual]
CV-ARU000392-V;DOS ESTRELLAS;L'AVIA TICA;CASA DE PUEBLO;COMPARTIDA;VALENCIA/VALÈNCIA;BENISSUERA;46839;PL MAJOR 12 B;deltaxuqer@gmail.com;;962293304;7;14/06/2010;[Anual]
CV-ARU000355-V;DOS ESTRELLAS;AMARAIN;CASA DE PUEBLO;COMPARTIDA;VALENCIA/VALÈNCIA;GESTALGAR;46166;C Trinquete 3;reservas@casaruralamarain.com;http://casaruralamarain.com;636 301 815;10;06/08/2008;[Anual]
CV-ARU000587-V;DOS ESTRELLAS;CASA BAUTISTA TURIS;CASA DE PUEBLO;COMPARTIDA;VALENCIA/VALÈNCIA;TURÍS;46389;C BEATO DON FERNANDO GONZALEZ 57;antonio.parra@fruitnatur.es;http://casabautistarural.com;676490308;6;28/03/2022;[Anual]
CV-ARU000481-V;DOS ESTRELLAS;XATIVA;CASA DE PUEBLO;COMPARTIDA;VALENCIA/VALÈNCIA;XÀTIVA;46800;C SAN AGUSTI 23;info@casaruralxativa.com;http://www.casaruralxativa.com;962277040;11;25/05/2016;[Anual]
CV-ARU000641-V;DOS ESTRELLAS;BELLVER BEDROOMS;CASA DE PUEBLO;COMPARTIDA;VALENCIA/VALÈNCIA;XÀTIVA;46800;CLCALLE BELLVER, 7;mestissatge@hotmail.com;;637202593;2;19/12/2024;[Anual]
CV-ARU000615-V;DOS ESTRELLAS; ALEGRIA;CASA DE PUEBLO;COMPARTIDA;VALENCIA/VALÈNCIA;CAUDETE DE LAS FUENTES;46315;CLCALLE CASTILLO, 6;carolinasaezir@gmail.com;;645751597;5;22/09/2023;[Anual]
CV-ARU000372-V;DOS ESTRELLAS;LA BOTICARIA II;CASA DE PUEBLO;COMPARTIDA;VALENCIA/VALÈNCIA;VILLAR DEL ARZOBISPO;46170;C SAN ANTONIO 4;truquetcoop@hotmail.com;;962720457;10;13/03/2009;[Anual]
CV-ARU000451-V;DOS ESTRELLAS;+QI THE ENERGY HOUSE;MASÍA;COMPARTIDA;VALENCIA/VALÈNCIA;BOCAIRENT;46880;PD ANSARINS 8;info@masqi.es;https://www.masqi.es;(+34) 699 094 440;14;17/02/2014;[Anual]
CV-ARU000515-V;DOS ESTRELLAS;EL RIURAU DE SECUNDINA;RIURAU;NO COMPARTIDA;VALENCIA/VALÈNCIA;ADOR;46729;PD COLLADO NÚM. 2, POL. 7, PARC 70 S/N;vicentrini@hotmail.com;;600849487;4;30/05/2018;[Anual]
CV-ARU000322-V;DOS ESTRELLAS;"EL CAU DELS SOMNIS (CULUSMUNDUS) 5 ""CASA 5 L'ESCALA""";;NO COMPARTIDA;VALENCIA/VALÈNCIA;ALPUENTE;46178;C LA CUEVARRUZ 62;;http://www.elcaudelssomnis-culusmundus.com;648267567;6;06/08/2007;[Anual]
CV-ARU000323-V;DOS ESTRELLAS;EL CAU DELS SOMNIS (CULUSMUNDUS) CASA- CULUMUNDUS;;NO COMPARTIDA;VALENCIA/VALÈNCIA;ALPUENTE;46178;C LA CUEVARRUZ 62;;http://www.elcaudelssomnis-culusmundus.com;648267567;6;06/08/2007;[Anual]
CV-ARU000558-V;DOS ESTRELLAS;EL CAU DE CORCOLILLA;;NO COMPARTIDA;VALENCIA/VALÈNCIA;ALPUENTE;46178;PE CORCOLILLA 211-213;ricardoalamar@gmail.com;https://www.elcaudelssomnis-culusmundus.com;663724990;6;10/09/2020;[Anual]
CV-ARU000592-V;DOS ESTRELLAS;CASA DEL PORTON;;NO COMPARTIDA;VALENCIA/VALÈNCIA;CASAS ALTAS;46147;C MOLINO 33-35;rtortajadaramirez@gmail.com;http://casadelporton.es;619858093;8;23/12/2022;[Anual]
CV-ARU000297-V;DOS ESTRELLAS;LA CASA DE LA PLAÇA;;NO COMPARTIDA;VALENCIA/VALÈNCIA;GODELLETA;46388;PL ESPAÑA 19;inma@casaruralgodelleta.com;http://www.casaruralgodelleta.com;653982321;12;29/09/2006;No especificado
CV-ARU000119-V;DOS ESTRELLAS;ULLALS;;NO COMPARTIDA;VALENCIA/VALÈNCIA;MASSALAVÉS;46292;C SANT MIQUEL 5;;;962443704;6;04/02/2002;No especificado
CV-ARU000611-V;DOS ESTRELLAS;METRIC HOME;;NO COMPARTIDA;VALENCIA/VALÈNCIA;NAVARRÉS;46823;CALLE DEL CRISTO 37;david@metricarquitectes.com;;669729270;13;21/07/2023;[Anual]
CV-ARU000332-V;DOS ESTRELLAS;LA BESANA II;;NO COMPARTIDA;VALENCIA/VALÈNCIA;VENTA DEL MORO;46310;C CRUCES 6;info@ruting.es;http://www.ruting.es;620264263;8;22/01/2007;[Anual]
CV-ARU000331-V;DOS ESTRELLAS;LA BESANA I;;NO COMPARTIDA;VALENCIA/VALÈNCIA;VENTA DEL MORO;46310;C CRUCES 6;info@ruting.es;http://www.ruting.es;620264263;6;22/11/2007;[Anual]
CV-ARU000399-V;DOS ESTRELLAS;NELEMAN;;NO COMPARTIDA;VALENCIA/VALÈNCIA;VENTA DEL MORO;46310;C SAN JUAN  ( CASAS DEL REY) 4;lafornilla@gmail.com;http://lafornilla.com;;10;05/11/2010;[Anual]
CV-ARU000190-V;DOS ESTRELLAS;DAVID;;NO COMPARTIDA;VALENCIA/VALÈNCIA;VENTA DEL MORO;46311;C SAN FELIPE - JARAGUAS 44;;;962185221;6;17/11/2003;No especificado
CV-ARU000056-V;DOS ESTRELLAS;LA BODEGUILLA-CASA PEPITA;;NO COMPARTIDA;VALENCIA/VALÈNCIA;VENTA DEL MORO;46311;C MOLINO-JARAGUAS 40;;http://www.casapepita.com;962185201;10;21/11/2000;No especificado
CV-ARU000103-V;DOS ESTRELLAS;VILASIRA-CASA DEL PINAR 5;;NO COMPARTIDA;VALENCIA/VALÈNCIA;VENTA DEL MORO;46310;CR LOS ISIDROS, km. 2,2 ;reservas@vilasira.com;https://vilasira.com/la-finca;(+34) 687 852 400;12;12/12/2001;No especificado
CV-ARU000104-V;DOS ESTRELLAS;VILASIRA-CASA DEL PINAR 6;;NO COMPARTIDA;VALENCIA/VALÈNCIA;VENTA DEL MORO;46310;CR LOS ISIDROS, km. 2,2 ;reservas@vilasira.com;https://vilasira.com/la-finca;(+34) 687 852 400;16;12/12/2001;No especificado
CV-ARU000085-V;DOS ESTRELLAS;ENTREVIÑAS 1;;NO COMPARTIDA;VALENCIA/VALÈNCIA;VENTA DEL MORO;46315; FINCA EL RENEGADO S/N;entrevinas@ainia.es;http://www.entrevinas.incitur.com;962174029;4;28/05/2001;No especificado
CV-ARU000086-V;DOS ESTRELLAS;ENTREVIÑAS 2;;NO COMPARTIDA;VALENCIA/VALÈNCIA;VENTA DEL MORO;46315; FINCA EL RENEGADO S/N;entrevina@ainia.es;http://www.entrevinas.incitur.com;962174029;4;28/05/2001;No especificado
CV-ARU000613-V;DOS ESTRELLAS;MI ALDEA: CASA FELICITA;;NO COMPARTIDA;VALENCIA/VALÈNCIA;VENTA DEL MORO;46310;Roman Ochando 80, Casas de Pradas;info@mialdea.es;www.mialdea.es;651912597;6;25/08/2023;[Anual]
CV-ARU000404-V;DOS ESTRELLAS;CASAS DE ALCANCE;;NO COMPARTIDA;VALENCIA/VALÈNCIA;COFRENTES;46625;C CASAS DE ALCANCE 7;casaruraldealcance@gmail.com;http://casaruraldealcance.blogspot.com;962320455;12;25/02/2011;[Anual]
CV-ARU000387-V;DOS ESTRELLAS;MIRADOR DE LA TORRE;;NO COMPARTIDA;VALENCIA/VALÈNCIA;ALCUBLAS;46712;C VICARIO 4;crmiradordelatorre@titastur.com;http://www.titastur.com;655885997;10;13/05/2010;[Anual]
CV-ARU000344-V;DOS ESTRELLAS;LES ERES DE GATOVA II;;NO COMPARTIDA;VALENCIA/VALÈNCIA;GÁTOVA;46169;C CALVARI 281;albertjuanmaria@gmail.com;www.leseresdegatova.com;622541142;3;28/03/2008;[Anual]
CV-ARU000346-V;DOS ESTRELLAS;LES ERES DE GATOVA IV;;NO COMPARTIDA;VALENCIA/VALÈNCIA;GÁTOVA;46169;C CALVARIO 287;albertjuanmaria@gmail.com;www.leseresdegatova.com;622541142;2;28/03/2008;[Anual]
CV-ARU000347-V;DOS ESTRELLAS;LES ERES DE GATOVA V;;NO COMPARTIDA;VALENCIA/VALÈNCIA;GÁTOVA;46169;C CALVARIO 279;albertjuanmaria@gmail.com;www.leseresdegatova.com;622541142;2;28/03/2008;[Anual]
CV-ARU000348-V;DOS ESTRELLAS;LES ERES DE GATOVA VI;;NO COMPARTIDA;VALENCIA/VALÈNCIA;GÁTOVA;46169;C CALVARIO 273;albertjuanmaria@gmail.com;www.leseresdegatova.com;622541142;4;28/03/2008;[Anual]
CV-ARU000349-V;DOS ESTRELLAS;LES ERES DE GATOVA VII;;NO COMPARTIDA;VALENCIA/VALÈNCIA;GÁTOVA;46169;C CALVARIO 275;albertjuanmaria@gmail.com;www.leseresdegatova.com;622541142;3;28/03/2008;[Anual]
CV-ARU000571-V;DOS ESTRELLAS;LA ALMAZARA;;NO COMPARTIDA;VALENCIA/VALÈNCIA;GÁTOVA;46169;C ERAS 12;manolohervas5@hotmail.com;;647029119;4;16/06/2021;[Anual]
CV-ARU000343-V;DOS ESTRELLAS;LES ERES DE GATOVA I;;NO COMPARTIDA;VALENCIA/VALÈNCIA;GÁTOVA;46169;C CALVARI 289;albertjuanmaria@gmail.com;www.leseresdegatova.com;622541142;2;28/03/2008;[Anual]
CV-ARU000223-V;DOS ESTRELLAS;MENTA;;NO COMPARTIDA;VALENCIA/VALÈNCIA;GÁTOVA;46169;PD PIÑEL S/N;reservas@masdelapinaeta.com;http://www.masdelapinaeta.com/;619943033;6;22/09/2004;No especificado
CV-ARU000224-V;DOS ESTRELLAS;LAVANDA;;NO COMPARTIDA;VALENCIA/VALÈNCIA;GÁTOVA;46169;PD PIÑEL S/N;reservaas@masdelapinaeta.com;http://www.masdelapinaeta.com/;619943033;6;22/09/2004;No especificado
CV-ARU000225-V;DOS ESTRELLAS;ALOHE;;NO COMPARTIDA;VALENCIA/VALÈNCIA;GÁTOVA;46169;PD PIÑEL S/N;reservas@masdelapinaeta.com;http://www.masdelapinaeta.com/;619943033;6;22/09/2004;No especificado
CV-ARU000226-V;DOS ESTRELLAS;SALVIA;;NO COMPARTIDA;VALENCIA/VALÈNCIA;GÁTOVA;46169;PD PIÑEL S/N;reservas@masdelapinaeta.com;http://www.masdelapinaeta.com/;619943033;6;22/09/2004;No especificado
CV-ARU000227-V;DOS ESTRELLAS;ROMERO;;NO COMPARTIDA;VALENCIA/VALÈNCIA;GÁTOVA;46169;PD PIÑEL S/N;reservas@masdelapinaeta.com;http://www.masdelapinaeta.com;619943033;4;22/09/2004;No especificado
CV-ARU000416-V;DOS ESTRELLAS;CASA  LA CURRA;;NO COMPARTIDA;VALENCIA/VALÈNCIA;JARAFUEL;46623;CM CAÑADA DE ABAJO S/N;caralba53@hotmail.com;;607513774;8;24/10/2011;[Anual]
CV-ARU000330-V;DOS ESTRELLAS;CASA DE LA TIA LOLA;;NO COMPARTIDA;VALENCIA/VALÈNCIA;POLINYÀ DE XÚQUER;46688;C LA PAU 7;info@casadelatialola.com;http://www.casadelatialola.com/;696949716;7;13/11/2007;[Anual]
CV-ARU000371-V;DOS ESTRELLAS;CA L'ANDREU;;NO COMPARTIDA;VALENCIA/VALÈNCIA;POLINYÀ DE XÚQUER;46688;C BLASCO IBAÑEZ 26;laia_mn@hotmail.com;;962973051;8;27/02/2009;[Anual]
CV-ARU000096-V;DOS ESTRELLAS;VILLA MILAGRO II;;NO COMPARTIDA;VALENCIA/VALÈNCIA;POLINYÀ DE XÚQUER;46688;PD DEL RACÓ S/N;info@villamilagro.es;www.villamilagro.es;962019089;10;12/11/2001;No especificado
CV-ARU000080-V;DOS ESTRELLAS;CASA LAIA;;NO COMPARTIDA;VALENCIA/VALÈNCIA;POLINYÀ DE XÚQUER;46688;C DR. FLEMING 12;;;962973051;16;04/04/2001;No especificado
CV-ARU000143-V;DOS ESTRELLAS;CASA RURAL DE ARAS I;;NO COMPARTIDA;VALENCIA/VALÈNCIA;ARAS DE LOS OLMOS;46179;C JUEGUECILLO 46;info@casaruralaras.com;htpp://www.casaruralaras.com;699359066;4;16/09/2002;No especificado
CV-ARU000144-V;DOS ESTRELLAS;CASA RURAL DE ARAS II;;NO COMPARTIDA;VALENCIA/VALÈNCIA;ARAS DE LOS OLMOS;46179;C JUEGUECILLO 46;info@casaruralaras.com;http://www.casaruralaras.com;699359066;2;16/09/2002;No especificado
CV-ARU000145-V;DOS ESTRELLAS;CASA RURAL DE ARAS III;;NO COMPARTIDA;VALENCIA/VALÈNCIA;ARAS DE LOS OLMOS;46179;C JUEGUECILLO 46;info@casaruralaras.com;htpp://www.casaruralaras.com;699359066;6;16/09/2002;No especificado
CV-ARU000146-V;DOS ESTRELLAS;CASA RURAL DE ARAS IV;;NO COMPARTIDA;VALENCIA/VALÈNCIA;ARAS DE LOS OLMOS;46179;C JUEGUECILLO 46;info@casaruralaras.com;http://www.casaruralaras.com;699359066;4;16/09/2002;No especificado
CV-ARU000106-V;DOS ESTRELLAS;ARAS RURAL 1-CASA ÁLAMO;;NO COMPARTIDA;VALENCIA/VALÈNCIA;ARAS DE LOS OLMOS;46179;PD De la Nevera s/n;arasrural@arasrural.com;http://www.arasrural.com;639196928;6;16/01/2002;No especificado
CV-ARU000107-V;DOS ESTRELLAS;ARAS RURAL 2-CASA ARCE;;NO COMPARTIDA;VALENCIA/VALÈNCIA;ARAS DE LOS OLMOS;46179;PD DE LA NEVERA S/N;arasrural@arasrural.com;http://www.arasrural.com;606421007;6;16/01/2002;No especificado
CV-ARU000108-V;DOS ESTRELLAS;ARAS RURAL 3-CASA CARRASCO;;NO COMPARTIDA;VALENCIA/VALÈNCIA;ARAS DE LOS OLMOS;46179;PD DE LA NEVERA S/N;arasrural@arasrural.com;http://www.arasrural.com;606421007;6;16/01/2002;No especificado
CV-ARU000109-V;DOS ESTRELLAS;ARAS RURAL 4-CASA FRESNO;;NO COMPARTIDA;VALENCIA/VALÈNCIA;ARAS DE LOS OLMOS;46179;PD DE LA NEVERA S/N;arasrural@arasrural.com;http://www.arasrural.com;606421007;6;16/01/2002;No especificado
CV-ARU000110-V;DOS ESTRELLAS;ARAS RURAL 5-CASA AZARROYO;;NO COMPARTIDA;VALENCIA/VALÈNCIA;ARAS DE LOS OLMOS;46179;PD DE LA NEVERA S/N;arasrural@arasrural.com;http://www.arasrural.com;606421007;6;16/01/2002;No especificado
CV-ARU000111-V;DOS ESTRELLAS;ARAS RURAL 6-CASA NOGUERA;;NO COMPARTIDA;VALENCIA/VALÈNCIA;ARAS DE LOS OLMOS;46179;PD DE LA NEVERA S/N;arasrural@arasrural.com;http://www.arasrural.com;606421007;6;16/01/2002;No especificado
CV-ARU000112-V;DOS ESTRELLAS;ARAS RURAL 7-CASA OLIVO;;NO COMPARTIDA;VALENCIA/VALÈNCIA;ARAS DE LOS OLMOS;46179;PD DE LA NEVERA S/N;arasrural@arasrural.com;http://www.arasrural.com;606421007;6;16/01/2002;No especificado
CV-ARU000113-V;DOS ESTRELLAS;ARAS RURAL 8-CASA OLMO;;NO COMPARTIDA;VALENCIA/VALÈNCIA;ARAS DE LOS OLMOS;46179;PD DE LA NEVERA S/N;arasrural@arasrural.com;http://www.arasrural.com;606421007;6;16/01/2002;No especificado
CV-ARU000114-V;DOS ESTRELLAS;ARAS RURAL 9-CASA PINO;;NO COMPARTIDA;VALENCIA/VALÈNCIA;ARAS DE LOS OLMOS;46179;PD DE LA NEVERA S/N;arasrural@arasrural.com;http://www.arasrural.com;606421007;6;16/01/2002;No especificado
CV-ARU000115-V;DOS ESTRELLAS;ARAS RURAL 10-CASA ROBLE;;NO COMPARTIDA;VALENCIA/VALÈNCIA;ARAS DE LOS OLMOS;46179;PD DE LA NEVERA S/N;arasrural@arasrural.com;http://www.arasrural.com;606421007;6;16/01/2002;No especificado
CV-ARU000116-V;DOS ESTRELLAS;ARAS RURAL 11-CASA SABINA;;NO COMPARTIDA;VALENCIA/VALÈNCIA;ARAS DE LOS OLMOS;46179;PD DE LA NEVERA S/N;arasrural@arasrural.com;http://www.arasrural.com;606421007;6;16/01/2002;No especificado
CV-ARU000117-V;DOS ESTRELLAS;ARAS RURAL 12-CASA TRAVINA;;NO COMPARTIDA;VALENCIA/VALÈNCIA;ARAS DE LOS OLMOS;46179;PD DE LA NEVERA S/N;arasrural@arasrural.com;http://www.arasrural.com;606421007;6;16/01/2002;No especificado
CV-ARU000216-V;DOS ESTRELLAS;LA CAMBRILLA-CASA CORTÉS;;NO COMPARTIDA;VALENCIA/VALÈNCIA;BENAGÉBER;46173;C Petrosa 12;lacambrilla.benageber@gmail.com;http://www.lacambrilla.com;603681761;4;02/08/2004;No especificado
CV-ARU000215-V;DOS ESTRELLAS;LA CAMBRILLA-CASA VILLANUEVA;;NO COMPARTIDA;VALENCIA/VALÈNCIA;BENAGÉBER;46173;C Petrosa 12;lacambrilla.benageber@gmail.com;http://www.lacambrilla.com;603681761;2;02/08/2004;No especificado
CV-ARU000217-V;DOS ESTRELLAS;LA CAMBRILLA-CASA GRILLUELOS;;NO COMPARTIDA;VALENCIA/VALÈNCIA;BENAGÉBER;46173;C Petrosa 12;lacambrilla.benageber@gmail.com;http://www.lacambrilla.com; 603681761;2;02/08/2004;No especificado
CV-ARU000218-V;DOS ESTRELLAS;LA CAMBRILLA-CASA LA PARDALA;;NO COMPARTIDA;VALENCIA/VALÈNCIA;BENAGÉBER;46173;C Petrosa 12;lacambrilla.benageber@gmail.com;http://www.lacambrilla.com;603681761;4;02/08/2004;No especificado
CV-ARU000447-V;DOS ESTRELLAS;LA MASAILLA;;NO COMPARTIDA;VALENCIA/VALÈNCIA;CHELVA;46176;C ROBERTO MADRID 7;casarurallamasailla@gmail.com;;;8;04/10/2013;[Anual]
CV-ARU000307-V;DOS ESTRELLAS;EL REÑAL;;NO COMPARTIDA;VALENCIA/VALÈNCIA;CHELVA;46176;C EN PROYECTO 5;casasdelturia@hotmail.com;http://www.casasdelturia.es;696619272;9;02/03/2007;[Anual]
CV-ARU000299-V;DOS ESTRELLAS;MURTERA I;;NO COMPARTIDA;VALENCIA/VALÈNCIA;CHELVA;46176;C MURTERA 39;casasdelturia@hotmail.com;;675848361;4;14/11/2006;[Anual]
CV-ARU000240-V;DOS ESTRELLAS;TAURE;;NO COMPARTIDA;VALENCIA/VALÈNCIA;CHELVA;46176;C BENACACIRA 22;casataure@hotmail.com;http://www.casataure.es;616364027;10;03/02/2005;No especificado
CV-ARU000300-V;DOS ESTRELLAS;MURTERA II;;NO COMPARTIDA;VALENCIA/VALÈNCIA;CHELVA;46176;C MURTERA 39;casasdelturia@hotmail.com;;675848361;4;13/11/2006;[Anual]
CV-ARU000467-V;DOS ESTRELLAS;CASA DE LA ROCHA;;NO COMPARTIDA;VALENCIA/VALÈNCIA;CHULILLA;46167;C Santa  Bárbara 28;casarurallarocha@gmail.com;http://www.casarurallarocha.es;670441879;8;10/06/2015;[Anual]
CV-ARU000365-V;DOS ESTRELLAS;CUEVA DEL TESORO;;NO COMPARTIDA;VALENCIA/VALÈNCIA;CHULILLA;46167;C LAS CUEVAS 1 - B;;;962720674;6;30/12/2008;[Anual]
CV-ARU000393-V;DOS ESTRELLAS;BARONIA DE CHULILLA;;NO COMPARTIDA;VALENCIA/VALÈNCIA;CHULILLA;46167;CLC SANTO TOMAS 18;casalabaronia@gmail.com;;722697713;0;09/07/2010;[Anual]
CV-ARU000366-V;DOS ESTRELLAS;CUEVA DE LA POTERIA;;NO COMPARTIDA;VALENCIA/VALÈNCIA;CHULILLA;46167;C SAN JUAN 9 - B;;;962720674;5;30/12/2008;[Anual]
CV-ARU000367-V;DOS ESTRELLAS;CUEVA DEL SERENO;;NO COMPARTIDA;VALENCIA/VALÈNCIA;CHULILLA;46167;C SAN JUAN 9 - A;;;962720674;4;30/12/2008;[Anual]
CV-ARU000368-V;DOS ESTRELLAS;CUEVA DEL GOLLISNO;;NO COMPARTIDA;VALENCIA/VALÈNCIA;CHULILLA;46167;C LAS CUEVAS 1 - A;;;962720674;3;30/12/2008;[Anual]
CV-ARU000610-V;DOS ESTRELLAS;LA CORRETGER ;;NO COMPARTIDA;VALENCIA/VALÈNCIA;CHULILLA;46167;CALLE BEATO FELIX YUSTE CAVA  26;monigual@hotmail.com;;657062624;6;20/07/2023;[Anual]
CV-ARU000560-V;DOS ESTRELLAS;LA CASONA DEL ABUELO ENRIQUE;;NO COMPARTIDA;VALENCIA/VALÈNCIA;LLOMBAI;46195;C RAMON SERRANO VICENS 4;info@lacasonadelabueloenrique.com;http://www.lacasonadelabueloenrique.com;606834490;16;01/10/2020;[Anual]
CV-ARU000485-V;DOS ESTRELLAS;LA TERRAZA;;NO COMPARTIDA;VALENCIA/VALÈNCIA;SUMACÀRCER;46295;C Florida 7;casalaterraza@gmail.com;https://casalaterraza.wordpress.com;605706101;7;21/07/2016;[Anual]
CV-ARU000420-V;DOS ESTRELLAS;VORA EL RIU;;NO COMPARTIDA;VALENCIA/VALÈNCIA;SUMACÀRCER;46295;C Església 7;voraelriu@gmail.com;http://www.vora-el-riu.es;606158004;12;06/03/2012;[Anual]
CV-ARU000582-V;DOS ESTRELLAS;CASA MAYOR;;NO COMPARTIDA;VALENCIA/VALÈNCIA;TOUS;46269;C MAYOR 18;casamayortous@gmail.com;;676131388;11;20/12/2021;[Anual]
CV-ARU000644-V;DOS ESTRELLAS;LA CASA DEL SEÑORITO;;NO COMPARTIDA;VALENCIA/VALÈNCIA;TOUS;46269;PLAZA DE ESPAÑA 5; casamayortous@gmail.com;;676131388;12;09/03/2025;[Anual]
CV-ARU000379-V;DOS ESTRELLAS;LLAR D'EMPAR;;NO COMPARTIDA;VALENCIA/VALÈNCIA;MARINES;46163;C LAS ERAS 33;resarvas@llardempar.es;http://www.llardempar.es;;8;15/07/2009;[Anual]
CV-ARU000353-V;DOS ESTRELLAS;RACÓ DE LA CALDERONA;;NO COMPARTIDA;VALENCIA/VALÈNCIA;NÀQUERA/NÁQUERA;46119;C SAUCES -URB CORRAL NOU) PARCELA 763, POLÍGONO 26 s/n;reservas@racodelacalderona.com;;696575476;7;30/04/2008;[Anual]
CV-ARU000084-V;DOS ESTRELLAS;NAQUERARURAL.COM;;NO COMPARTIDA;VALENCIA/VALÈNCIA;NÀQUERA/NÁQUERA;46119; Camino Fondo S/N;reservas@naquerarural.com;http://www.naquerarural.com;679387148;12;25/05/2001;No especificado
CV-ARU000303-V;DOS ESTRELLAS;PORTA DEL CEL;;NO COMPARTIDA;VALENCIA/VALÈNCIA;SERRA;46118;C de Valencia, 23;portadelcel@hotmail.com 	;http://portadelcel.net;961688805;3;16/01/2007;[Anual]
CV-ARU000285-V;DOS ESTRELLAS;A LA SOMBRA DE LA TORRE;;NO COMPARTIDA;VALENCIA/VALÈNCIA;SERRA;46118;PL Dr. Domingo 5;tosca_68@hotmail.com;http://www.casaruralgranero.com;961 688 425;12;23/01/2006;No especificado
CV-ARU000230-V;DOS ESTRELLAS;LA CASUCHA I;;NO COMPARTIDA;VALENCIA/VALÈNCIA;ALGÍMIA D'ALFARA;46148;C ALFARA 21;lacasucha@ruralgimia.com;http://www.lascasuchas.es;964838250;5;02/11/2004;No especificado
CV-ARU000231-V;DOS ESTRELLAS;LA CASUCHA II;;NO COMPARTIDA;VALENCIA/VALÈNCIA;ALGÍMIA D'ALFARA;46148;C ALFARA 21;lacasucha@ruralgimia.com;http://www.lascasuchas.es;962626096;6;02/11/2004;No especificado
CV-ARU000341-V;DOS ESTRELLAS;CA  L'ELADI;;NO COMPARTIDA;VALENCIA/VALÈNCIA;TORRES TORRES;46595;C MAYOR 91;;http://www.caeladi.com;962627242;8;29/02/2008;[Anual]
CV-ARU000609-V;DOS ESTRELLAS;LA LUNA;;NO COMPARTIDA;VALENCIA/VALÈNCIA;CAMPORROBLES;46330;CALLE/MARTINEZ DE LA MATA 13 ;bellotin70@hotmail.com;;617866293;8;12/07/2023;[Anual]
CV-ARU000265-V;DOS ESTRELLAS;EL ROBLE;;NO COMPARTIDA;VALENCIA/VALÈNCIA;CAMPORROBLES;46330;C CARRETERA VILLARGORDO 5;casaroble12@yahoo.es;www.alojamientoelroble.com;609932848;6;07/06/2005;No especificado
CV-ARU000315-V;DOS ESTRELLAS;EL PINO B & B;;NO COMPARTIDA;VALENCIA/VALÈNCIA;CHERA;46350;C PARAJE CASA DEL CONDE 4;elpinochera@gmail.com;https://www.el-pino.com;962 332 152;9;25/05/2007;[Anual]
CV-ARU000041-V;DOS ESTRELLAS;CASONA FUENTE DEL BARRIO;;NO COMPARTIDA;VALENCIA/VALÈNCIA;CHERA;46350;C Piscina 4;laposadachera@gmail.com;https://www.casonafuentedelbarrio.es;665 940 277;12;04/04/2000;No especificado
CV-ARU000318-V;DOS ESTRELLAS;CASA ROCÍO;;NO COMPARTIDA;VALENCIA/VALÈNCIA;REQUENA;46340;C FORTALEZA 10 BAJO;contacto@casarociorequena.com;https://www.casasrurales.net;661 19 43 03;9;06/07/2007;[Anual]
CV-ARU000306-V;DOS ESTRELLAS;LA CASETA DE THARSYS;;NO COMPARTIDA;VALENCIA/VALÈNCIA;REQUENA;46340;CR NACIONAL III 276 APc. 32;pagodetharsys@pagodetharsys.com;http://pagodetharsys.com;962303354;10;02/03/2007;[Anual]
CV-ARU000298-V;DOS ESTRELLAS;LA BODEGA;;NO COMPARTIDA;VALENCIA/VALÈNCIA;REQUENA;46340;C SALIENTE (BARRIO ARROYO) 2;;;962304461;4;14/11/2006;[Anual]
CV-ARU000586-V;DOS ESTRELLAS;REQUENA VILLAGE;;NO COMPARTIDA;VALENCIA/VALÈNCIA;REQUENA;46340;C CASARES 9;fsr_230@hotmail.com;;663458585;6;25/02/2022;[Anual]
CV-ARU000278-V;DOS ESTRELLAS;CASA PETRA;;NO COMPARTIDA;VALENCIA/VALÈNCIA;REQUENA;46340;C Purísima 12;casaruralpetrarequena@gmail.com;http://casaruralpetra.com;+34 676 797 314;12;10/08/2005;No especificado
CV-ARU000648-V;DOS ESTRELLAS;TIA SEVERIANA;;NO COMPARTIDA;VALENCIA/VALÈNCIA;REQUENA;46390;CALLE SAN JAIME 79;contacto@casaruraltiaseveriana.com;www.casaruraltiaseveriana.com;619002728;6;14/04/2025;[Anual]
CV-ARU000362-V;DOS ESTRELLAS;HOCES DEL CABRIEL;;NO COMPARTIDA;VALENCIA/VALÈNCIA;VILLARGORDO DEL CABRIEL;46317;C GALLEGOS 13;;;963503417;11;31/07/2008;[Anual]
CV-ARU000282-V;DOS ESTRELLAS;ATALAYA;;NO COMPARTIDA;VALENCIA/VALÈNCIA;VILLARGORDO DEL CABRIEL;46317;C ATALAYA 11;info@atalayarural.com;http://www.atalayarural.com/;962186112;12;21/11/2005;No especificado
CV-ARU000312-V;DOS ESTRELLAS;MASIA RURAL MOLINO GALAN;;NO COMPARTIDA;VALENCIA/VALÈNCIA;ALBORACHE;46369;PD MOLINO GALAN S/N;reservas@molinogalan.com;http://www.molinogalan.com;962516610;9;10/04/2007;[Anual]
CV-ARU000507-V;DOS ESTRELLAS;CASA TONI;;NO COMPARTIDA;VALENCIA/VALÈNCIA;ALBORACHE;46369;CLAV MUSICA 70;bueno.toni@gmail.com;https://casaruralalborache.com/;652126666;0;15/11/2017;[Anual]
CV-ARU000509-V;DOS ESTRELLAS;CASA ESPERANZA;;NO COMPARTIDA;VALENCIA/VALÈNCIA;ALBORACHE;46369;AV DE LA MUSICA 74;;;;8;10/01/2018;[Anual]
CV-ARU000563-V;DOS ESTRELLAS;CASA LAS 4 ESQUINAS;;NO COMPARTIDA;VALENCIA/VALÈNCIA;DOS AGUAS;46198;C CAPERUCHO 1; reservaslascuatroesquinas@gmail.com;;633235391;9;19/11/2020;[Anual]
CV-ARU000400-V;DOS ESTRELLAS;CASA SEVERINO;;NO COMPARTIDA;VALENCIA/VALÈNCIA;YÁTOVA;46367;C JESUS 35;casaseverino@hotmail.com;http://www.casaruralseverino.es;;10;19/11/2010;[Anual]
CV-ARU000283-V;DOS ESTRELLAS;EL RINCÓN;;NO COMPARTIDA;VALENCIA/VALÈNCIA;YÁTOVA;46367;C EL RINCÓN 7;;;962516199;10;14/12/2005;No especificado
CV-ARU000057-V;DOS ESTRELLAS;DESIG DEL LLEBEIG;;NO COMPARTIDA;VALENCIA/VALÈNCIA;YÁTOVA;46367;PD Cañaillas km 6;casadesigdellebeig@yatovarural.com;http://www.yatovarural.com/casa-desig-del-llebeig-yatova;636845660;7;21/11/2000;No especificado
CV-ARU000038-V;DOS ESTRELLAS;CASA JOSEFINA-LA SOLANA;;NO COMPARTIDA;VALENCIA/VALÈNCIA;YÁTOVA;46367;C RAMÓN Y CAJAL 7;casaruraljosefina@hotmail.com;http://www.casajosefina.es;962508370;12;31/01/2000;No especificado
CV-ARU000039-V;DOS ESTRELLAS;CASA NATÍ;;NO COMPARTIDA;VALENCIA/VALÈNCIA;YÁTOVA;46367;C CASAS NUEVAS 9;cooprural@wanadoo.es;http://perso.wanadoo.es/cooprural/;962516853;10;07/02/2000;No especificado
CV-ARU000279-V;DOS ESTRELLAS;LOS PASTORES I;;NO COMPARTIDA;VALENCIA/VALÈNCIA;AYORA;46620; CASAS DE MADRONA 11;;;660713448;6;28/10/2005;No especificado
CV-ARU000280-V;DOS ESTRELLAS;LOS PASTORES II;;NO COMPARTIDA;VALENCIA/VALÈNCIA;AYORA;46620; CASAS DE MADRONA 11;;;660713448;7;28/10/2005;No especificado
CV-ARU000150-V;DOS ESTRELLAS;EL ARRIERO;;NO COMPARTIDA;VALENCIA/VALÈNCIA;AYORA;46620; FINCA AGRÍCOLA EL REBOLLOSO ;;;962121035;10;16/12/2002;No especificado
CV-ARU000151-V;DOS ESTRELLAS;LOS ALTOS I;;NO COMPARTIDA;VALENCIA/VALÈNCIA;AYORA;46620; FINCA AGRÍCOLA EL REBOLLOSO ;;;962121035;6;16/12/2002;No especificado
CV-ARU000152-V;DOS ESTRELLAS;LOS ALTOS II;;NO COMPARTIDA;VALENCIA/VALÈNCIA;AYORA;46620; FINCA AGRÍCOLA EL REBOLLOSO ;;;962121035;5;16/12/2002;No especificado
CV-ARU000196-V;DOS ESTRELLAS;VILLA AYORA I;;NO COMPARTIDA;VALENCIA/VALÈNCIA;AYORA;46620;C EMPEDRÁ 11;villadeayora@hotmail.com;http://www.villadeayora.com;962191068;2;09/02/2004;No especificado
CV-ARU000197-V;DOS ESTRELLAS;VILLA AYORA II;;NO COMPARTIDA;VALENCIA/VALÈNCIA;AYORA;46620;C EMPEDRÁ 11;villadeayora@hotmail.com;http://www.villadeayora.com;962191068;2;09/02/2004;No especificado
CV-ARU000122-V;DOS ESTRELLAS;EL LLANO;;NO COMPARTIDA;VALENCIA/VALÈNCIA;AYORA;46620;PD EL LLANO 22;;;962191530;6;06/02/2002;No especificado
CV-ARU000148-V;DOS ESTRELLAS;CASA CAMILA;;NO COMPARTIDA;VALENCIA/VALÈNCIA;JALANCE;46624;C IGLESIA 3;;;963805947;6;18/11/2002;No especificado
CV-ARU000294-V;DOS ESTRELLAS;CASA RURAL PALAZ 1;;NO COMPARTIDA;VALENCIA/VALÈNCIA;TERESA DE COFRENTES;46622;C CASICAS DE PIERA 265;info@alojamientoruralpalaz.com;http://www.alojamientoruralpalaz.com;962191076;6;24/07/2006;[Anual]
CV-ARU000295-V;DOS ESTRELLAS;CASA RURAL PALAZ 2;;NO COMPARTIDA;VALENCIA/VALÈNCIA;TERESA DE COFRENTES;46622;C CASICAS DE PIERA 265;info@alojamientoruralpalaz;http://www.alojamientoruralpalaz.com;962191076;6;24/07/2006;[Anual]
CV-ARU000232-V;DOS ESTRELLAS;CA SUNSI;;NO COMPARTIDA;VALENCIA/VALÈNCIA;ANTELLA;46266;C PINTOR SOROLLA 7;;;962595286;8;12/11/2004;No especificado
CV-ARU000588-V;DOS ESTRELLAS;CRESOLERA;;NO COMPARTIDA;VALENCIA/VALÈNCIA;VILALLONGA/VILLALONGA;46720;C CERVANTES 17;vicentebertomeu@hotmail.com;;616018044;4;06/05/2022;[Anual]
CV-ARU000419-V;DOS ESTRELLAS;SANSOFI;;NO COMPARTIDA;VALENCIA/VALÈNCIA;LLAURÍ;46613;C COVA SANTA 9;casarural.sansofi@gmail.com;http://casarural-sansofi.com;630906446;5;05/03/2012;[Anual]
CV-ARU000360-V;DOS ESTRELLAS;LA ALAMEDA;;NO COMPARTIDA;VALENCIA/VALÈNCIA;ANNA;46820;C ARRIBA 21;;;962210064;6;30/06/2008;[Anual]
CV-ARU000050-V;DOS ESTRELLAS;EL CARRASCAL;;NO COMPARTIDA;VALENCIA/VALÈNCIA;ANNA;46820;PD CARRASCAL S/N;casaelcarrascal@yahoo.es;http://www.agrotur.org;962210532;6;13/09/2000;No especificado
CV-ARU000034-V;DOS ESTRELLAS;LA CASA DEL LAGO;;NO COMPARTIDA;VALENCIA/VALÈNCIA;ANNA;46820; Paraje Albufera de Anna 12;lagoanna@gmail.com;http://lagodeanna.com;616789058;6;27/07/1999;No especificado
CV-ARU000501-V;DOS ESTRELLAS;LA CASTELLANA;;NO COMPARTIDA;VALENCIA/VALÈNCIA;BICORP;46825;AV CASTELLANA 11;hobbymotorvalencia@gmail.com;https://casacastellana.es;686 266 273;16;03/08/2017;[Anual]
CV-ARU000336-V;DOS ESTRELLAS;BARRANCO MORENO;;NO COMPARTIDA;VALENCIA/VALÈNCIA;BICORP;46825;UR PARAJE BARRANCO MORENO, POL.8 PARC. 5;barrancomorenobicorp@gmail.com;http://casaruralbarrancomoreno.com;615 621 421;8;27/12/2007;[Anual]
CV-ARU000434-V;DOS ESTRELLAS;LA SOLANA;;NO COMPARTIDA;VALENCIA/VALÈNCIA;BICORP;46825;PO 16 PARCELA 37;barrancomorenobicorp@gmail.com;;675830745;6;21/11/2012;[Anual]
CV-ARU000175-V;DOS ESTRELLAS;CASA DE MADERA I;;NO COMPARTIDA;VALENCIA/VALÈNCIA;BICORP;46825; PARAJE LA LAMPARA ;ruralbicorp@gmail.com;http://ruralbicorp.es;654 507 242;6;04/08/2003;No especificado
CV-ARU000182-V;DOS ESTRELLAS;CASA DE MADERA II;;NO COMPARTIDA;VALENCIA/VALÈNCIA;BICORP;46825; PARAJE LA LAMPARA ;ruralbicorp@gmail.com;http://ruralbicorp.es;654 507 242;4;04/08/2003;No especificado
CV-ARU000483-V;DOS ESTRELLAS;LOS CIPRESES;;NO COMPARTIDA;VALENCIA/VALÈNCIA;BOLBAITE;46822;C HONDA 92;;;655346249;8;21/06/2016;[Anual]
CV-ARU000444-V;DOS ESTRELLAS;EL PUENTE;;NO COMPARTIDA;VALENCIA/VALÈNCIA;BOLBAITE;46822;C DEL RIO 12;elpuenterural@gmail.com;;658323446;6;31/05/2013;[Anual]
CV-ARU000288-V;DOS ESTRELLAS;LERA;;NO COMPARTIDA;VALENCIA/VALÈNCIA;BOLBAITE;46822;C CANALEJAS 9;tessa1413@hotmail.com;;962223093;10;28/02/2006;No especificado
CV-ARU000428-V;DOS ESTRELLAS;LA PARAETA;;NO COMPARTIDA;VALENCIA/VALÈNCIA;CHELLA;46821;PD DISEMINADOS 277 POLIGONO 9 PARCELA 35;;;636781983;6;13/07/2012;[Anual]
CV-ARU000572-V;DOS ESTRELLAS;COMPLEJO RURAL LA MONTAÑA;;NO COMPARTIDA;VALENCIA/VALÈNCIA;CHELLA;46821;CM SOTARRAÑA 220;jjbellot@gmail.com;;686451378;12;14/06/2021;[Anual]
CV-ARU000576-V;DOS ESTRELLAS;EL FALCO;;NO COMPARTIDA;VALENCIA/VALÈNCIA;CHELLA;46821;PD LLANO CAMPANERO  POL 13 PARCELAS 100 -102;casaruralelfalco@gmail.com;http://www.casaruralelfalco.com;609672927;6;22/10/2021;[Anual]
CV-ARU000407-V;DOS ESTRELLAS;LA MONTAÑA;;NO COMPARTIDA;VALENCIA/VALÈNCIA;CHELLA;46821;CM de la Sotarraña parcela 332;jjbellot@gmail.com;https://www.facebook.com/complejorural;686451378;12;01/06/2011;[Anual]
CV-ARU000248-V;DOS ESTRELLAS;LA SOÑADORA II;;NO COMPARTIDA;VALENCIA/VALÈNCIA;ENGUERA;46810;CR CASAS DE NAVALÓN ;;;962245251;6;27/04/2005;No especificado
CV-ARU000249-V;DOS ESTRELLAS;LA MIMOSA II;;NO COMPARTIDA;VALENCIA/VALÈNCIA;ENGUERA;46810;CR CASAS DE NAVALÓN ;;;962245251;6;27/04/2005;No especificado
CV-ARU000220-V;DOS ESTRELLAS;CASERIO DE BENALI EL SENDERO;;NO COMPARTIDA;VALENCIA/VALÈNCIA;ENGUERA;46810;CR de Benali KM18 (CV584) CASA,DE BENALÍ 1;mail@casasbenali.com;https://es.casasbenali.com;637 454 088;2;22/09/2004;No especificado
CV-ARU000222-V;DOS ESTRELLAS;CASERIO DE BENALI LA HACIENDA;;NO COMPARTIDA;VALENCIA/VALÈNCIA;ENGUERA;46810;CR de Benali KM18 (CV584) CASA DE BENALÍ 3;mail@casasbenali.com;https://es.casasbenali.com;637 454 088;12;22/09/2004;No especificado
CV-ARU000138-V;DOS ESTRELLAS;CA JULIA;;NO COMPARTIDA;VALENCIA/VALÈNCIA;ENGUERA;46810; CASAS DE REQIUENA ;;http://www.turcaroig.com/julia;962260546;12;31/07/2002;No especificado
CV-ARU000127-V;DOS ESTRELLAS;LA SOÑADORA;;NO COMPARTIDA;VALENCIA/VALÈNCIA;ENGUERA;46811;CR NAVALÓN-CASAS DE REQUENA S/N;;;962245251;6;07/05/2002;No especificado
CV-ARU000124-V;DOS ESTRELLAS;LA MIMOSA;;NO COMPARTIDA;VALENCIA/VALÈNCIA;ENGUERA;46810;CR CASAS DE REQUENA-NAVALÓN S/N;;;962245251;6;08/03/2002;No especificado
CV-ARU000380-V;DOS ESTRELLAS;CASA DEL NIÑO;;NO COMPARTIDA;VALENCIA/VALÈNCIA;ENGUERA;46810;C NIÑO JESUS 18;dolores@enguera.com;;647850851;4;31/07/2009;[Anual]
CV-ARU000040-V;DOS ESTRELLAS;BENALAZ;;NO COMPARTIDA;VALENCIA/VALÈNCIA;ENGUERA;46810; FINCA BENALAZ ;benalaz@paralelo40.org;http://www.turcaroig.com/benalaz;962225664;9;22/03/2000;No especificado
CV-ARU000067-V;DOS ESTRELLAS;EL SAYTON;;NO COMPARTIDA;VALENCIA/VALÈNCIA;ENGUERA;46810;PD EL SAYTON-CRTA. BENIALÍ, KM. 7 ;vabad@caroig.com;http://www.turcaroig.com/sayton;696967022;10;08/01/2001;No especificado
CV-ARU000319-V;DOS ESTRELLAS;L'ARNADÍ;;NO COMPARTIDA;VALENCIA/VALÈNCIA;CERDÀ;46813;CR REAL DE MADRID 15;;;659909373;10;06/07/2007;[Anual]
CV-ARU000313-V;DOS ESTRELLAS;CASA ISABELLA;;NO COMPARTIDA;VALENCIA/VALÈNCIA;XÀTIVA;46800;C CORRETGERIA 61;acsc@mac.com;http://www.casaisabellaxativa.com;659976922;6;10/04/2007;[Anual]
CV-ARU000539-V;DOS ESTRELLAS;CASA DE CALIZ;;NO COMPARTIDA;VALENCIA/VALÈNCIA;XÀTIVA;46800;C FUMERAL 10;calizvila@gmail.com;;664866534;8;26/07/2019;[Anual]
CV-ARU000169-V;DOS ESTRELLAS;CASA BERNABÉ;;NO COMPARTIDA;VALENCIA/VALÈNCIA;XÀTIVA;46800; POLÍGONO 16-PARCELA 29 DE LA PARTIDA DE BISQUERT ;casabernabe@casabernabe.com;http://www.casabernabe.com;661277322;12;21/05/2003;No especificado
CV-ARU000277-V;DOS ESTRELLAS;ELS URREPS;;NO COMPARTIDA;VALENCIA/VALÈNCIA;MOIXENT/MOGENTE;46640;UR CUMBRES DE VALENCIA-PARCELA 181 ;;;962260102;8;19/07/2005;No especificado
CV-ARU000436-V;DOS ESTRELLAS;EL PARAIS;;NO COMPARTIDA;VALENCIA/VALÈNCIA;AGULLENT;46890;CM del Parais S/N Polígono 5, Parcela 207;info@casaruralelparais.com;http://www.casaruralelparais.com;961117400;10;28/01/2013;[Anual]
CV-ARU000133-V;DOS ESTRELLAS;CASA ROTJA I;;NO COMPARTIDA;VALENCIA/VALÈNCIA;BELLÚS;46839;PD BALADRET 1;arnaumr@gmail.com;casarotja.com;963515153;5;25/05/2002;No especificado
CV-ARU000134-V;DOS ESTRELLAS;CASA ROTJA II;;NO COMPARTIDA;VALENCIA/VALÈNCIA;BELLÚS;46839;PD BALADRET 1;arnaumr@gmail.com;casarotja.com;963515153;10;25/05/2002;No especificado
CV-ARU000236-V;DOS ESTRELLAS;ENTRE OLIVOS I;;NO COMPARTIDA;VALENCIA/VALÈNCIA;BENICOLET;46838;CM VIEJO DE GANDIA S/N;;;630882000;2;13/12/2004;No especificado
CV-ARU000237-V;DOS ESTRELLAS;ENTRE OLIVOS II;;NO COMPARTIDA;VALENCIA/VALÈNCIA;BENICOLET;46838;CM VIEJO DE GANDIA S/N;;;630882000;2;13/12/2004;No especificado
CV-ARU000238-V;DOS ESTRELLAS;ENTRE OLIVOS III;;NO COMPARTIDA;VALENCIA/VALÈNCIA;BENICOLET;46838;CM VIEJO DE GANDÍA S/N;;;630882000;2;13/12/2004;No especificado
CV-ARU000239-V;DOS ESTRELLAS;ENTRE OLIVOS IV;;NO COMPARTIDA;VALENCIA/VALÈNCIA;BENICOLET;46838;CM VIEJO DE GANDÍA S/N;;;630882000;2;13/12/2004;No especificado
CV-ARU000452-V;DOS ESTRELLAS;BEKIRENT;;NO COMPARTIDA;VALENCIA/VALÈNCIA;BOCAIRENT;46880;C OBISPO MAIQUES 31;infocasaruralbekirent@gmail;;60104446;11;05/03/2014;[Anual]
CV-ARU000402-V;DOS ESTRELLAS;LA LLAR DE LAURA;;NO COMPARTIDA;VALENCIA/VALÈNCIA;BOCAIRENT;46880;C Mossen Hilario 29;lallardelaurabocairent@gmail.com;http://www.lallardelaura.com;639 520 916;7;10/12/2010;[Anual]
CV-ARU000352-V;DOS ESTRELLAS;SANT VICENT;;NO COMPARTIDA;VALENCIA/VALÈNCIA;BOCAIRENT;46880;PL SANT VICENT 11;info@santvicent.com;http://www.santvicent.com;660736774;12;30/04/2008;[Anual]
CV-ARU000266-V;DOS ESTRELLAS;EL MIRADOR DE SANT VICENT;;NO COMPARTIDA;VALENCIA/VALÈNCIA;BOCAIRENT;46680;C BATLLE 17;info@casaruralmirador.es;http://www.casaruralmirador.es;678575488;8;20/09/2005;[Anual]
CV-ARU000140-V;DOS ESTRELLAS;LA HERETAT DE PERE;;NO COMPARTIDA;VALENCIA/VALÈNCIA;QUATRETONDA;46837;PD SIMONA ;simona@heretat.com;http://www.heretat.com;962132269;12;02/08/2002;No especificado
CV-ARU000309-V;DOS ESTRELLAS;LA CASA DE LA VILA;;NO COMPARTIDA;VALENCIA/VALÈNCIA;ONTINYENT;46870;C TRINITAT 50;voraserra@hotmail.com;;962914452;8;28/02/2007;[Anual]
CV-ARU000173-V;DOS ESTRELLAS;FINCA SANTA ELENA;;NO COMPARTIDA;VALENCIA/VALÈNCIA;ONTINYENT;46870;PD Umbria-Crta. Ontinyent-Fontanars(CV-655), KM.9 ;info@fincasantaelena.es;http://www.fincasantaelena.es;;16;26/06/2003;No especificado
CV-ARU000476-V;DOS ESTRELLAS;VENTA GAETA;;NO COMPARTIDA;VALENCIA/VALÈNCIA;CORTES DE PALLÁS;46199;C Nueva 13;ventagaetarural@gmail.com;http://www.ventagaetarural.com;690916868;10;18/12/2015;[Anual]
CV-ARU000302-V;DOS ESTRELLAS;LA ALBORADA;;NO COMPARTIDA;VALENCIA/VALÈNCIA;CORTES DE PALLÁS;46199;C VIÑUELAS 30;;;677655952;4;14/12/2006;[Anual]
CV-ARU000259-V;DOS ESTRELLAS;ALALIMON;;NO COMPARTIDA;VALENCIA/VALÈNCIA;CORTES DE PALLÁS;46199;C Cantón 30;alalimonrural@hotmail.com;https://www.facebook.com/alalimonruralizate;609709556;10;27/04/2005;No especificado
CV-ARU000628-V;DOS ESTRELLAS; VILLA PEDRON;;NO COMPARTIDA;VALENCIA/VALÈNCIA;CORTES DE PALLÁS;46199;ALDEA DE LA CABEZUELA Nº 18;villapedron22@gmail.com;;696010396;6;17/04/2024;[Anual]
CV-ARU000162-V;DOS ESTRELLAS;LA CASONA DE FERRANDO;;NO COMPARTIDA;VALENCIA/VALÈNCIA;BARX;46758;AV LUIS PERICOT-LA DROVA 61;;;962807343;8;27/02/2003;No especificado
CV-ARU000565-V;DOS ESTRELLAS;CASA RAFAEL;;NO COMPARTIDA;VALENCIA/VALÈNCIA;CARRÍCOLA;46869;PL CONSTITUCION 3;casarafaelcarricola@hotmail.com;;676960341;6;19/11/2020;[Anual]
CV-ARU000244-V;DOS ESTRELLAS;LA CARRASCA;;NO COMPARTIDA;VALENCIA/VALÈNCIA;PUEBLA DE SAN MIGUEL;46140;C Sol 15;info@ruralpuebladesanmiguel.com;http://www.ruralpuebladesanmiguel.com;629607809;4;02/03/2005;No especificado
CV-ARU000245-V;DOS ESTRELLAS;PINO ALBAR;;NO COMPARTIDA;VALENCIA/VALÈNCIA;PUEBLA DE SAN MIGUEL;46140;C Sol 15;info@ruralpuebladesanmiguel.com;http://www.ruralpuebladesanmiguel.com;629607809;4;02/03/2005;No especificado
CV-ARU000246-V;DOS ESTRELLAS;SABINA;;NO COMPARTIDA;VALENCIA/VALÈNCIA;PUEBLA DE SAN MIGUEL;46140;C Sol 15;info@ruralpuebladesanmiguel.com;http://www.ruralpuebladesanmiguel.com;629607809;6;02/03/2005;No especificado
CV-ARU000228-V;DOS ESTRELLAS;LA GARDUÑA;;NO COMPARTIDA;VALENCIA/VALÈNCIA;TORREBAJA;46143;C La Fuente 29;lagarduna29@mixmail.com;;652024539;9;22/09/2004;No especificado
CV-ARU000301-V;DOS ESTRELLAS;LA BOTICARIA;;NO COMPARTIDA;VALENCIA/VALÈNCIA;VILLAR DEL ARZOBISPO;46170;C ROQUE 3;;;645984537;14;14/12/2006;[Anual]
CV-ARU000200-V;DOS ESTRELLAS;LA CASICA;;NO COMPARTIDA;VALENCIA/VALÈNCIA;YESA, LA;46187;C PEDRO VILLANUEVA 3;reservas@zuriaga.com;http://www.layesa.com/menu_i.htm;963650767;8;30/01/2004;No especificado
CV-ARU000102-V;DOS ESTRELLAS;LA CASA DEL TIO POLDO;;NO COMPARTIDA;VALENCIA/VALÈNCIA;YESA, LA;46178;C CALVO SOTELO 20;reservas@zuriaga.com;http://www.zuriaga.com/casarural;963650767;12;29/11/2001;No especificado
CV-ARU000161-V;DOS ESTRELLAS;EL BARDAL;;NO COMPARTIDA;VALENCIA/VALÈNCIA;YESA, LA;46178;C EUSEBIO TORRES 35;reservas@layesa.com;http://www.layesa.com/elbardal.htm;963650767;6;17/02/2003;No especificado
CV-ARU000077-V;DOS ESTRELLAS;CASA GARRIDO;;COMPARTIDA;VALENCIA/VALÈNCIA;ADEMUZ;46140;C Solano 6;pregunta@casaruralgarrido.com;http://www.casaruralgarrido.com;630924149;10;01/03/2001;No especificado
CV-ARU000375-V;DOS ESTRELLAS;LA MURALLA;;COMPARTIDA;VALENCIA/VALÈNCIA;ANDILLA;46162;PL LA MURALLA 5;ayuntamientoandilla@hotmail.com;http://www.andilla.es;962729005;6;13/05/2009;[Anual]
CV-ARU000600-V;DOS ESTRELLAS;CASA DEL ARCO;;COMPARTIDA;VALENCIA/VALÈNCIA;CASAS ALTAS;46147;C MOLINO 57;info@housevanlive.com;http://www.housevanlive.com;619858093;6;25/04/2023;[Anual]
CV-ARU000383-V;DOS ESTRELLAS;LOS GARRIDOS;;COMPARTIDA;VALENCIA/VALÈNCIA;CASAS BAJAS;46146;C del Puente 53;;http://casalosgarridos.info;978782683;13;15/03/2010;[Anual]
CV-ARU000205-V;DOS ESTRELLAS;LA JARA;;COMPARTIDA;VALENCIA/VALÈNCIA;NAVARRÉS;46823;C MAYOR 28;;;962267286;12;29/03/2004;No especificado
CV-ARU000356-V;DOS ESTRELLAS;CAL FERRER;;COMPARTIDA;VALENCIA/VALÈNCIA;SIMAT DE LA VALLDIGNA;46750;AV FONT MENOR 48;calferrer51@gmail.com;https://casaruralenvalencia.com;(+34) 617 674 533;10;30/04/2008;[Anual]
CV-ARU000570-V;DOS ESTRELLAS;LOS MOLINOS;;COMPARTIDA;VALENCIA/VALÈNCIA;GÁTOVA;46169;C ERAS 11;manolohervas5@hotmail.com;;647029119;2;16/06/2021;[Anual]
CV-ARU000030-V;DOS ESTRELLAS;CASA EL JARRAL;;COMPARTIDA;VALENCIA/VALÈNCIA;JARAFUEL;46623;CLC JARRAL 15;;;669827166;10;26/04/1999;No especificado
CV-ARU000461-V;DOS ESTRELLAS;CA TONA;;COMPARTIDA;VALENCIA/VALÈNCIA;CHULILLA;46167;C ERAS 1;;http://casaruralcatoma.com;677510187;5;30/10/2014;[Anual]
CV-ARU000370-V;DOS ESTRELLAS;LA BARANDA;;COMPARTIDA;VALENCIA/VALÈNCIA;CHULILLA;46167;C  VENERABLE JOSE CERCERA 5;;;961657975;16;27/02/2009;[Anual]
CV-ARU000168-V;DOS ESTRELLAS;CASA SERENA;;COMPARTIDA;VALENCIA/VALÈNCIA;CHULILLA;46167;C TURIA 39;lacasaserenaturismo@msn.com;http://www.casaruralserenachulilla.com;961657083;9;21/05/2003;No especificado
CV-ARU000513-V;DOS ESTRELLAS;HIGUERUELAS;;COMPARTIDA;VALENCIA/VALÈNCIA;HIGUERUELAS;46162;AV LA FUENTE 13;higueruelas_info@gva.es;http://www.higueruelas.es;962726130;6;27/04/2018;[Anual]
CV-ARU000324-V;DOS ESTRELLAS;LA SERRANA;;COMPARTIDA;VALENCIA/VALÈNCIA;LOSA DEL OBISPO;46168;C COLON 1-3;casarural.laserrana@hotmail.com;http://www.casalaserrana.com;682805239;12;28/09/2007;[Anual]
CV-ARU000455-V;DOS ESTRELLAS;HUERTO DEL MEDICO - CASA DE ABAJO;;COMPARTIDA;VALENCIA/VALÈNCIA;GUADASSUAR;46680;CR CV 525 ALGINET - ALGEMESI PK 3;tardemajestad@gmail.com;http://huertodelmedico.es;629407223;4;25/06/2014;[Anual]
CV-ARU000512-V;DOS ESTRELLAS;CASA SIBARITA;;COMPARTIDA;VALENCIA/VALÈNCIA;RAFELGUARAF;46666;C Sant Lluis Gonzaga 40;info@casasibarita.com;https://www.casasibarita.com;962586037;10;27/04/2018;[Anual]
CV-ARU000457-V;DOS ESTRELLAS;TOTESTIU;;COMPARTIDA;VALENCIA/VALÈNCIA;SUMACÀRCER;46295;C Comtes d'Orgaz 10;info@totestiu.com;https://totestiu.com;652 848 016;10;11/07/2014;[Anual]
CV-ARU000048-V;DOS ESTRELLAS;GRANJA SAN MIGUEL;;COMPARTIDA;VALENCIA/VALÈNCIA;SALEM;46843;C BENICADELL 10;info@casasanmiguel.com;http://www.casasanmiguel.com;962883515;15;20/07/2000;No especificado
CV-ARU000463-V;DOS ESTRELLAS;EL BALCON DE LA SAFOR;;COMPARTIDA;VALENCIA/VALÈNCIA;ADOR;46724;C ERMITA 46;info@elbalcondelasafor.com;elbalcondelasafor.com;654 306 922;15;17/11/2014;[Anual]
CV-ARU000521-V;DOS ESTRELLAS;LA CASA DEL PICH;;COMPARTIDA;VALENCIA/VALÈNCIA;LLÍRIA;46160;C CISNEROS 26;diazbuenoandrea24@gmail.com;;635595304;7;26/07/2018;[Anual]
CV-ARU000209-V;DOS ESTRELLAS;EL SECANET;;COMPARTIDA;VALENCIA/VALÈNCIA;ALGÍMIA D'ALFARA;46148;C TORRES TORRES 25;info@elsecanet.com;http://www.elsecanet.com;962626527;6;10/05/2004;No especificado
CV-ARU000247-V;DOS ESTRELLAS;PATÍ DE LA IAIA;;COMPARTIDA;VALENCIA/VALÈNCIA;BENIFAIRÓ DE LES VALLS;46511;C MAJOR 28;;;636659429;12;02/03/2005;No especificado
CV-ARU000264-V;DOS ESTRELLAS;BETANIA II;;COMPARTIDA;VALENCIA/VALÈNCIA;SEGART;46592;UR EL RODENO - PARCELA 371 ;;;962136130;11;07/06/2005;No especificado
CV-ARU000450-V;DOS ESTRELLAS;CALVESTRA;;COMPARTIDA;VALENCIA/VALÈNCIA;REQUENA;46340;CR Villar de Olmos - Km 5,7 ;info@calvestra.com;https://www.calvestra.com;96 165 53 44;15;19/12/2013;[Anual]
CV-ARU000473-V;DOS ESTRELLAS;EL ARRULLO;;COMPARTIDA;VALENCIA/VALÈNCIA;REQUENA;46390;B DON JAIME    (SAN JUAN) 1;info@elarrullo.com;http://www.elarrullo.com;695796021;8;16/11/2015;[Anual]
CV-ARU000234-V;DOS ESTRELLAS;VILLA DOLORES;;COMPARTIDA;VALENCIA/VALÈNCIA;VILLARGORDO DEL CABRIEL;46317;CR VILLARGORDO DEL CABRIEL A CAMPORROBLES, km. 2 ;villa.dolores@yahoo.es;;962186303;12;12/11/2004;No especificado
CV-ARU000088-V;DOS ESTRELLAS;CASA CABRIEL;;COMPARTIDA;VALENCIA/VALÈNCIA;VILLARGORDO DEL CABRIEL;46317;C MADRID S/N;franguaita@hotmail.com;http://www.casacabriel.com;670320073;15;24/06/2001;No especificado
CV-ARU000548-V;DOS ESTRELLAS;CERVANTES 22;;COMPARTIDA;VALENCIA/VALÈNCIA;BUÑOL;46360;C CERVANTES 22;anamigi6@hotmail.com;https://cervantes22.negocio.site/;619308096;11;17/02/2020;[Anual]
CV-ARU000314-V;DOS ESTRELLAS;MASIA EL FERRAJON;;COMPARTIDA;VALENCIA/VALÈNCIA;CHIVA;46370;PD DE COBATILLAS S/N;info@masiaelferrajon.com;http://masiaelferrajon.com;963338748;12;10/04/2007;[Anual]
CV-ARU000458-V;DOS ESTRELLAS;CASITA SANTA BARBARA;;COMPARTIDA;VALENCIA/VALÈNCIA;MACASTRE;46368;AV BOLOT 15;;http://www.casitasantabarbara.com;962516900;5;19/08/2014;[Anual]
CV-ARU000032-V;DOS ESTRELLAS;LA POSADICA;;COMPARTIDA;VALENCIA/VALÈNCIA;MACASTRE;46368;AV HOYA DE BUÑOL 31;angelesllacer@hotmail.com;;675099534;7;25/05/1999;No especificado
CV-ARU000287-V;DOS ESTRELLAS;SAN JOSÉ;;COMPARTIDA;VALENCIA/VALÈNCIA;AYORA;46620;CLC SAN JOSÉ 1;;;654381040;8;20/02/2006;No especificado
CV-ARU000233-V;DOS ESTRELLAS;MARQUESA 27;;COMPARTIDA;VALENCIA/VALÈNCIA;AYORA;46620;C MARQUESA 27;antonio@casaruralmarquesa27.com;http://www.casaruralmarquesa27.com/;962192002;12;12/11/2004;No especificado
CV-ARU000101-V;DOS ESTRELLAS;FINCA EL REBOLLOSO;;COMPARTIDA;VALENCIA/VALÈNCIA;AYORA;46620; FINCA EL REBOLLOSO ;;;962121035;11;29/11/2001;No especificado
CV-ARU000633-V;DOS ESTRELLAS;DJM PALMS;;COMPARTIDA;VALENCIA/VALÈNCIA;AYORA;46620;BAÑOS DE SAN ANTONIO 15;djmpalmsbandb@outlook.es;www.djmpalmsbandb.es;624614557;12;15/05/2024;[Anual]
CV-ARU000532-V;DOS ESTRELLAS;FINCA EL CORONEL;;COMPARTIDA;VALENCIA/VALÈNCIA;BENICULL DE XÚQUER;46689;CM FUNDACION GOZALBO MARQUES 20;grupoesla@yahoo.es;http://www.casasolidariafgm.org;(+34) 671 495 230;16;31/01/2019;[Anual]
CV-ARU000126-V;DOS ESTRELLAS;EL MIRADOR DEL SALTO;;COMPARTIDA;VALENCIA/VALÈNCIA;CHELLA;46821;C IGLESIA VIEJA 42;;http:/www.turcaroig.com/salto;667439278;10;10/04/2002;No especificado
CV-ARU000221-V;DOS ESTRELLAS;CASERIO DE BENALI LA CAMPIÑA;;COMPARTIDA;VALENCIA/VALÈNCIA;ENGUERA;46810;CR de Benali KM18 (CV584) CASAS DE BENALÍ 2;mail@casasbenali.com;https://es.casasbenali.com;637 454 088;12;22/09/2004;No especificado
CV-ARU000363-V;DOS ESTRELLAS;ALDOMAR;;COMPARTIDA;VALENCIA/VALÈNCIA;XÀTIVA;46800;C Bosch 11;casa.aldomar@gmail.com;http://www.casa-aldomar.com;962276563;9;12/12/2008;No especificado
CV-ARU000006-V;DOS ESTRELLAS;CORRAL PABLANCH;;COMPARTIDA;VALENCIA/VALÈNCIA;MOIXENT/MOGENTE;46640;CR Navalón s/n;elcorraldepablanch@hotmail.es;https://www.facebook.com/El-Corral-De-Pablanch-585604318116398;607322686;12;07/08/1997;No especificado
CV-ARU000046-V;DOS ESTRELLAS;LA BODEGA;;COMPARTIDA;VALENCIA/VALÈNCIA;MOIXENT/MOGENTE;46640;CM de la Bodega km 1.5 ;bodegarural@gmail.com;http://www.labodegacasarural.es;645993553;8;08/06/2000;No especificado
CV-ARU000212-V;DOS ESTRELLAS;EL PANSAT;;COMPARTIDA;VALENCIA/VALÈNCIA;ALBAIDA;46860;PD FANECAES S/N;info@elpansat.com;;607167167;12;10/06/2004;No especificado
CV-ARU000207-V;DOS ESTRELLAS;ENTRE VIEJOS OLIVOS;;COMPARTIDA;VALENCIA/VALÈNCIA;BENICOLET;46838;CM VIEJO DE GANDIA S/N;;http://www.entreviejosolivos.com/;619365580;2;26/04/2004;No especificado
CV-ARU000260-V;DOS ESTRELLAS;EL MIRADOR DE MARIOLA;;COMPARTIDA;VALENCIA/VALÈNCIA;BOCAIRENT;46880;PL SANT VICENT 12;reservas@casaruralmirador.es;casaruralmirador.es;620191620;15;24/05/2005;[Anual]
CV-ARU000267-V;DOS ESTRELLAS;MIRADOR;;COMPARTIDA;VALENCIA/VALÈNCIA;BOCAIRENT;46880;C BATLE 19;reservas@casaruralmirador.es;http://www.casaruralmirador.es;620191620;14;12/07/2005;[Anual]
CV-ARU000129-V;DOS ESTRELLAS;EL REFUGIO;;COMPARTIDA;VALENCIA/VALÈNCIA;BOCAIRENT;46880;PD RINCÓN DEL CEREZO 31;info@yeguadamariola.com;http://www.yeguadamariola.com;680006884;10;07/05/2002;No especificado
CV-ARU000105-V;DOS ESTRELLAS;MAS L'ALTET DE MARIOLA;;COMPARTIDA;VALENCIA/VALÈNCIA;BOCAIRENT;46880;PD LES TORRETES ;xbeneyto@servicam.com;http://webs.ono.com/altetdemariola;966083198;6;14/12/2001;No especificado
CV-ARU000340-V;DOS ESTRELLAS;ESPAI SOLANA;;COMPARTIDA;VALENCIA/VALÈNCIA;BUFALI;46891;C VIRGEN DE LORETO 13;nuncypons@yahoo.es;http://www.naturanea.es;650578565;16;31/01/2008;[Anual]
CV-ARU000388-V;DOS ESTRELLAS;MORERA;;COMPARTIDA;VALENCIA/VALÈNCIA;ONTINYENT;46870;CR CV 655  KM 10;contacto@jullianturismorural.es;http://www.jullianturismorural.com;962380162;13;27/05/2010;[Anual]
CV-ARU000321-V;DOS ESTRELLAS;ELS HORTS DE PALOMAR;;COMPARTIDA;VALENCIA/VALÈNCIA;PALOMAR, EL;46891;C MAYOR 13;cheloag5@hotmail.com;www.casaruralvalencia.net;633512923;15;06/08/2007;[Anual]
CV-ARU000642-V;DOS ESTRELLAS;MANZANEQUE;;COMPARTIDA;VALENCIA/VALÈNCIA;CAUDETE DE LAS FUENTES;46315;Calle Valencia 11;vikyl.70@gmail.com;;659187038;10;10/10/2024;[Anual]
CV-ARU000423-V;DOS ESTRELLAS;LA COLMENA;;COMPARTIDA;VALENCIA/VALÈNCIA;CORTES DE PALLÁS;46199;C MAYOR S/N;mpergrau@hotmail.com;http://www.somosapicultores.com;660103836;14;14/05/2012;[Anual]
CV-ARU000589-V;DOS ESTRELLAS;CALAPUCH;;COMPARTIDA;VALENCIA/VALÈNCIA;ALZIRA;46600;AV RADIOFONISTA ALFONSO ROVIRA  PARCELA 127 S/N;reservas@fincalacalma.com;http://fincalacalma.com;;14;20/06/2022;[Anual]
CV-ARU000235-V;DOS ESTRELLAS;EL MONDUVER;;COMPARTIDA;VALENCIA/VALÈNCIA;BARX;46758;C ELIES FRASQUET - LA DROVA 1;;;962807075;10;23/12/2004;No especificado
CV-ARU000646-V;TRES ESTRELLAS;VISTAS DEL FRAILECICO;CASA DE PUEBLO;NO COMPARTIDA;VALENCIA/VALÈNCIA;CHULILLA;46167;CALLE TURIA, 35;;;;10;03/04/2025;[Anual]
CV-ARU000519-V;TRES ESTRELLAS;CA'LS AVIS;CASA DE PUEBLO;NO COMPARTIDA;VALENCIA/VALÈNCIA;SERRA;46118;C MIRADOR TERESA NAVARRO 4-5;calsavisserra@gmail.com;http://ww.calsavisserra.com;675680730;4;02/07/2018;[Anual]
CV-ARU000474-V;TRES ESTRELLAS;EL XOP;CASA DE PUEBLO;NO COMPARTIDA;VALENCIA/VALÈNCIA;PALOMAR, EL;46891;C SANT DOMENECH 13;cheloag5@hotmail.com;;633512923;12;27/11/2015;[Anual]
CV-ARU000636-V;TRES ESTRELLAS;Huerto del Carmen;ALQUERÍA;NO COMPARTIDA;VALENCIA/VALÈNCIA;POBLA LLARGA, LA;46670;Polígono 12 Parcela 21 Camí de Serratosa s/n;palomaserratosa@gmail.com;;687596003;14;21/05/2024;[Anual]
CV-ARU000649-V;TRES ESTRELLAS;NATUURHUISJE LA CASITA;MASÍA;COMPARTIDA;VALENCIA/VALÈNCIA;ONTINYENT;46870;PDA DE LA SOLANA  POLIGONO 4 PARCELA 161 C SANT ONOFRE;NOTIFICACIONES@UBEDAHERRERO.ES;;962916114;4;29/04/2025;[Anual]
CV-ARU000534-V;TRES ESTRELLAS;RAFAELET;RIURAU;NO COMPARTIDA;VALENCIA/VALÈNCIA;AIELO DE RUGAT;46842;PD CANAL D'ALCOI, PARCELA 98, POLIGONO 2 S/N;;;696918333;8;06/02/2019;[Anual]
CV-ARU000087-V;TRES ESTRELLAS;VILLA MILAGRO I;;NO COMPARTIDA;VALENCIA/VALÈNCIA;POLINYÀ DE XÚQUER;46688;PD Partida del Racó s/n (Parcelas 123-124) S/N;info@villamilagro.es;http://hotelruralvalencia.es;615516333;7;28/05/2001;No especificado
CV-ARU000557-V;TRES ESTRELLAS;LA CASA GRANDE DE CHULILLA;;NO COMPARTIDA;VALENCIA/VALÈNCIA;CHULILLA;46167;C MAESTRO AMBLAR 51;luis2007vcia@hotmail.com;;631085550;6;20/07/2020;[Anual]
CV-ARU000471-V;TRES ESTRELLAS;RAÏM DE PASTOR;;NO COMPARTIDA;VALENCIA/VALÈNCIA;CORBERA;46612;C San Vicent 1;lamber_castello@hotmail.com;http://www.casaruralraimdepastor.com;685053171;8;28/08/2015;[Anual]
CV-ARU000597-V;TRES ESTRELLAS;VILLA SOL;;NO COMPARTIDA;VALENCIA/VALÈNCIA;REQUENA;46340;C SANTA MARIA 18;menendezochando@gmail.com;;645941566;4;02/03/2023;[Anual]
CV-ARU000546-V;TRES ESTRELLAS;LA POSADA DE CHELLA;;NO COMPARTIDA;VALENCIA/VALÈNCIA;CHELLA;46610;AV CONSTITUCION 90;auroramartinezesteve@gmail.com;;691136899;8;21/01/2020;[Anual]
CV-ARU000462-V;TRES ESTRELLAS;CASA FRIAS;;NO COMPARTIDA;VALENCIA/VALÈNCIA;BENIATJAR;46844;C LLAURADORS 6;casaruralbeniatjar@gmail.com;;661526251;12;03/11/2014;[Anual]
CV-ARU000429-V;TRES ESTRELLAS;TERRA BLANCA DEL BENICADELL;;NO COMPARTIDA;VALENCIA/VALÈNCIA;BENIATJAR;46844;C Blas Bataller 22; info@terra-blanca-del-benicadell.es;https://www.terra-blanca-del-benicadell.es;658 131 985;11;26/07/2012;[Anual]
CV-ARU000510-V;TRES ESTRELLAS;LA ISLA DE JUCAR;;NO COMPARTIDA;VALENCIA/VALÈNCIA;ALZIRA;46792;C La Solana 10, La Barraca de Aguas Vivas ;info@laisladeljucar.com;https://www.laisladeljucar.com;+34 633 127 317;8;02/03/2018;[Anual]
CV-ARU000466-V;TRES ESTRELLAS;BOHILGUES;;NO COMPARTIDA;VALENCIA/VALÈNCIA;VALLANCA;46145;C SANTERON 11;info@casaruralbohilgues.com;https://www.casaruralbohilgues.com;633 797 779;12;10/06/2015;[Anual]
CV-ARU000640-V;TRES ESTRELLAS;EL CALLEJON;;COMPARTIDA;VALENCIA/VALÈNCIA;VENTA DEL MORO;46311;CLCALLE BODEGAS Nº 9 (JARAGUAS);info@elcallejondejaraguas.es;www.elcallejondejaraguas.es;626390737;4;25/11/2024;[Anual]
CV-ARU000629-V;TRES ESTRELLAS;XATIVA GARDEN SUITES;;COMPARTIDA;VALENCIA/VALÈNCIA;XÀTIVA;46800;CANONIGO CEBRIAN Nº3;marthairiarte7@gmail.com;;622741030;10;27/04/2024;[Anual]
CV-ARU000472-V;TRES ESTRELLAS;LA CASONA DE ALBAIDA;;COMPARTIDA;VALENCIA/VALÈNCIA;ALBAIDA;46860;C Beato Nicolas Factor 29;info@lacasonadealbaida.es;http://www.casaruralenvalencia.es;962900413;6;19/10/2015;[Anual]
CV-ARU000593-V;TRES ESTRELLAS;ABBI SUITES;;COMPARTIDA;VALENCIA/VALÈNCIA;BOCAIRENT;46880;C ABADIA 49;info@abbisuires.com;http://www.abbisuites.com;696574888;15;23/12/2022;[Anual]
CV-ARU000390-V;CUATRO ESTRELLAS;LA PLACETA;CASA DE PUEBLO;COMPARTIDA;VALENCIA/VALÈNCIA;AYORA;46620;PL GRANERO 9;;http://hotellaplaceta.es;961890432;13;08/06/2010;[Anual]
CV-ARU000584-V;CUATRO ESTRELLAS;ALQUERIA DEL XUQUER;ALQUERÍA;COMPARTIDA;VALENCIA/VALÈNCIA;ALZIRA;46600;CR de Albalat km 3 ;info@alqueriadelxuquer.com;https://alqueriadelxuquer.com;608 622 065;14;01/02/2022;[Anual]
CV-ARU000477-V;CUATRO ESTRELLAS;EL SEQUER;MASÍA;COMPARTIDA;VALENCIA/VALÈNCIA;OLIVA;46780;PA LADRILLARES 36;pablo@martideveses.net;http://www.casaruralelsequer.com;610267575;14;17/02/2016;[Anual]
CV-ARU000431-V;CUATRO ESTRELLAS;HEREDAD LA BOQUILLA;MASÍA;COMPARTIDA;VALENCIA/VALÈNCIA;ENGUERA;46810;FINCA HEREDAD LA BOQUILLA s/n;contabilidad@boquilla.com.es;;658962661;15;11/09/2012;[Anual]
CV-ARU000598-V;CUATRO ESTRELLAS;MARIOLA SECRETA;MASÍA;COMPARTIDA;VALENCIA/VALÈNCIA;BOCAIRENT;46880;PD EL CIPRERET. POL 8 PARC 78 S/N;info@mariolasecreta.com;http://www.mariolasecreta.com;641880844;12;15/03/2023;[Anual]
CV-ARU000342-V;CUATRO ESTRELLAS;MASIA L'ALCUDIA;MASÍA;COMPARTIDA;VALENCIA/VALÈNCIA;FONTANARS DELS ALFORINS;46635;PO 20 - 3E (FINCA HEREDAD NUEVA ALCUDIA) S/N;lanovaalcudia@hotmail.es;http://www.lanovaalcudia.es;609609291;16;29/02/2008;[Anual]
CV-ARU000437-V;CUATRO ESTRELLAS;PALMERA;;NO COMPARTIDA;VALENCIA/VALÈNCIA;CHELVA;46176;C PALMERA 3;casataure@hotmail.com;http://www.casataure.es;616364027;4;22/02/2013;[Anual]
CV-ARU000468-V;CUATRO ESTRELLAS;LA SERRATELLA;;NO COMPARTIDA;VALENCIA/VALÈNCIA;CARCAIXENT;46740;CM de la Serratella, 158 Polígono 34 Parcela 141;zelesteweb@hotmail.com;https://www.casarurallaserratella.com;0034 639 423 723;16;15/06/2015;[Anual]
CV-ARU000405-V;CUATRO ESTRELLAS;BODEGAS HISPANOSUIZAS;;NO COMPARTIDA;VALENCIA/VALÈNCIA;REQUENA;46357;CR Nacional 322, km. 451.7, El Pontón ;info@bodegashispanosuizas.com;https://bodegashispanosuizas.com;661 894 200;9;03/02/2011;[Anual]
CV-ARU000573-V;CUATRO ESTRELLAS;LA CABRENTA;;NO COMPARTIDA;VALENCIA/VALÈNCIA;ESTUBENY;46817;C SAN ONOFRE 4;info@lacabrentarural.es;https://lacabrentarural.es/es;962 210 013;11;16/06/2021;[Anual]
CV-ARU000316-V;CUATRO ESTRELLAS;EL RACONET;;NO COMPARTIDA;VALENCIA/VALÈNCIA;ALBAIDA;46860;C VERGE DEL ROSARI 10;info@elraconetrural.com;http://www.elraconetrural.com/;962391028;5;25/05/2007;[Anual]
CV-ARU000626-V;CUATRO ESTRELLAS;ENSUEÑO;;COMPARTIDA;VALENCIA/VALÈNCIA;ALCUBLAS;46172;C SAN AGUSTIN 19;bearey3@hotmail.com;;613751125;13;27/12/2023;[Anual]
CV-ARU000454-V;CUATRO ESTRELLAS;HUERTO DEL MEDICO - CASA DE ARRIBA;;COMPARTIDA;VALENCIA/VALÈNCIA;GUADASSUAR;46610;CR CV 525 ALGINET - ALGEMESI PK 3;tardemajestad@gmail.com;http://huertodelmedico.es;629407223;9;25/04/2014;[Anual]
CV-ARU000645-V;CUATRO ESTRELLAS;FINCA MALATA;;COMPARTIDA;VALENCIA/VALÈNCIA;TURÍS;46389;C LOMA DE LOS CABALLEROS, 20;YVETTE.MUYTJENS@GMAIL.COM;WWW.FINCAMALATA.COM;685322749;4;10/09/2024;[Anual]
CV-ARU000214-V;CUATRO ESTRELLAS;LA TORRETA;;COMPARTIDA;VALENCIA/VALÈNCIA;CORBERA;46612; Polígono 15-CALVARIO 300;info@casalatorreta.com;http://www.bed-and-breakfast-la-torreta.com;962 978 212;10;28/07/2004;No especificado
CV-ARU000547-V;CUATRO ESTRELLAS;CASA PESETA;;COMPARTIDA;VALENCIA/VALÈNCIA;VALLADA;46691;C GUARDIA CIVIL 5;info@mogart-sa.com;;658937285;9;06/02/2020;[Anual]
CV-ARU000446-V;CUATRO ESTRELLAS;FINCA SAN AGUSTIN;;COMPARTIDA;VALENCIA/VALÈNCIA;ONTINYENT;46870;PO 34 PARCELA 3 RECINTO 34;info@fincasanagustin.es;http://www.fincasanagustin.es;663882181;14;24/09/2013;[Anual]
CV-ARU000608-V;CINCO ESTRELLAS;Villa Paula;MASÍA;COMPARTIDA;VALENCIA/VALÈNCIA;MANISES;46940;Poligono 6 Nr 7, El Racó;villapaula@villapaula.es;www.villapaula.es;692687959;15;10/07/2023;[Anual]
CV-ARU000553-V;CINCO ESTRELLAS;LA CAMBRA;;COMPARTIDA;VALENCIA/VALÈNCIA;POTRIES;46721;C JAUME I 46;potriesrural@gmail.com;http://www.potriesrural.com;630867827;2;02/07/2020;[Anual]
CV-ARU000464-V;CINCO ESTRELLAS;CASA RABAT;;COMPARTIDA;VALENCIA/VALÈNCIA;RAFELCOFER;46716;C Cervantes 25;contact@casarabat.com;http://www.casarabat.com;962801464;13;17/04/2015;[Anual]
